timestamp,yaw,pitch,roll,pressure,altitude,frameId,sensorTime
23:31:52,-0.0,0.035,0.434,97929.266,286.633,1,22:31:30
23:31:52,-0.007,0.021,0.413,97929.266,286.633,2,22:31:30
23:31:52,-0.014,-0.021,0.413,97929.266,286.633,3,22:31:30
23:31:52,-0.035,0.014,0.42,97929.25,286.635,17,22:31:30
23:31:52,-0.042,0.014,0.406,97929.25,286.635,18,22:31:30
23:31:52,-0.042,-0.014,0.399,97929.25,286.635,19,22:31:30
23:31:52,-0.035,0.007,0.42,97929.25,286.635,20,22:31:30
23:31:52,-0.042,0.014,0.42,97929.25,286.635,21,22:31:30
23:31:52,-0.049,0.0,0.42,97929.25,286.635,22,22:31:30
23:31:52,-0.049,0.0,0.413,97929.25,286.635,23,22:31:30
23:31:52,-0.049,0.007,0.406,97929.25,286.635,24,22:31:30
23:31:52,-0.049,-0.007,0.399,97929.25,286.635,25,22:31:30
23:31:52,-0.049,-0.014,0.42,97929.25,286.635,26,22:31:30
23:31:52,-0.049,0.014,0.427,97929.25,286.635,27,22:31:30
23:31:52,-0.049,0.021,0.42,97929.25,286.635,28,22:31:30
23:31:52,-0.063,0.0,0.406,97929.25,286.635,29,22:31:30
23:31:52,-0.063,-0.014,0.406,97929.25,286.635,30,22:31:30
23:31:52,-0.056,0.007,0.413,97929.25,286.635,31,22:31:30
23:31:52,-0.056,0.014,0.42,97929.25,286.635,32,22:31:30
23:31:52,-0.056,0.0,0.42,97929.25,286.635,33,22:31:30
23:31:52,-0.063,0.007,0.427,97929.25,286.635,34,22:31:30
23:31:52,-0.063,0.021,0.413,97929.25,286.635,35,22:31:30
23:31:52,-0.07,0.0,0.399,97929.25,286.635,36,22:31:30
23:31:52,-0.07,-0.014,0.406,97929.25,286.635,37,22:31:31
23:31:52,-0.063,0.007,0.42,97929.25,286.635,38,22:31:31
23:31:52,-0.063,0.021,0.42,97929.25,286.635,39,22:31:31
23:31:52,-0.07,0.0,0.413,97929.25,286.635,40,22:31:31
23:31:52,-0.077,-0.014,0.406,97929.25,286.635,41,22:31:31
23:31:52,-0.07,0.007,0.406,97929.25,286.635,42,22:31:31
23:31:53,-0.07,0.007,0.406,97929.25,286.635,43,22:31:31
23:31:53,-0.07,-0.014,0.413,97929.25,286.635,44,22:31:31
23:31:53,-0.07,-0.007,0.42,97929.25,286.635,45,22:31:31
23:31:53,-0.077,0.007,0.406,97929.25,286.635,46,22:31:31
23:31:53,-0.084,-0.014,0.399,97929.25,286.635,47,22:31:31
23:31:53,-0.084,-0.007,0.406,97929.25,286.635,48,22:31:31
23:31:53,-0.077,0.007,0.406,97929.25,286.635,49,22:31:31
23:31:53,-0.084,0.0,0.406,97929.25,286.635,50,22:31:31
23:31:53,-0.084,-0.007,0.406,97929.25,286.635,51,22:31:31
23:31:53,-0.091,0.007,0.406,97929.25,286.635,52,22:31:31
23:31:53,-0.091,0.007,0.392,97929.25,286.635,53,22:31:31
23:31:53,-0.091,-0.014,0.392,97929.25,286.635,54,22:31:31
23:31:53,-0.091,-0.014,0.406,97929.25,286.635,55,22:31:31
23:31:53,-0.084,0.007,0.406,97929.25,286.635,56,22:31:31
23:31:53,-0.091,0.007,0.399,97929.25,286.635,57,22:31:31
23:31:53,-0.098,-0.014,0.399,97929.25,286.635,58,22:31:31
23:31:53,-0.098,-0.007,0.399,97929.25,286.635,59,22:31:31
23:31:53,-0.098,0.0,0.399,97929.25,286.635,60,22:31:31
23:31:53,-0.098,-0.007,0.399,97929.25,286.635,61,22:31:31
23:31:53,-0.098,-0.014,0.406,97929.25,286.635,62,22:31:31
23:31:53,-0.098,0.0,0.406,97929.25,286.635,63,22:31:31
23:31:53,-0.105,0.007,0.399,97929.25,286.635,64,22:31:31
23:31:53,-0.105,-0.007,0.392,97929.25,286.635,65,22:31:31
23:31:53,-0.105,-0.014,0.392,97928.75,286.677,66,22:31:31
23:31:53,-0.105,0.0,0.399,97928.75,286.677,67,22:31:31
23:31:53,-0.084,0.0,0.413,97928.75,286.677,68,22:31:31
23:31:53,-0.049,0.028,0.469,97928.75,286.677,69,22:31:31
23:31:53,-0.0,0.07,0.546,97928.75,286.677,70,22:31:31
23:31:53,0.042,0.056,0.616,97928.75,286.677,71,22:31:31
23:31:53,0.098,-0.057,0.664,97928.75,286.677,72,22:31:31
23:31:53,0.162,-0.218,0.678,97928.75,286.677,73,22:31:31
23:31:53,0.211,-0.281,0.664,97928.75,286.677,74,22:31:31
23:31:53,0.231,-0.113,0.573,97928.75,286.677,75,22:31:31
23:31:53,0.196,0.048,0.469,97928.75,286.677,76,22:31:31
23:31:53,0.182,0.02,0.42,97928.75,286.677,77,22:31:31
23:31:53,0.175,-0.029,0.378,97928.75,286.677,78,22:31:31
23:31:53,0.175,-0.001,0.385,97928.75,286.677,79,22:31:31
23:31:53,0.203,0.006,0.455,97928.75,286.677,80,22:31:31
23:31:53,0.21,0.055,0.469,97928.75,286.677,81,22:31:31
23:31:53,0.189,0.027,0.469,97928.75,286.677,82,22:31:31
23:31:53,0.189,-0.043,0.455,97928.75,286.677,83,22:31:31
23:31:53,0.182,-0.008,0.441,97928.75,286.677,84,22:31:31
23:31:53,0.196,0.034,0.448,97928.75,286.677,85,22:31:31
23:31:53,0.189,0.041,0.434,97928.75,286.677,86,22:31:31
23:31:53,0.168,0.02,0.413,97928.75,286.677,87,22:31:31
23:31:53,0.168,-0.022,0.42,97928.75,286.677,88,22:31:31
23:31:53,0.175,-0.008,0.427,97928.75,286.677,89,22:31:31
23:31:53,0.189,0.013,0.455,97928.75,286.677,90,22:31:31
23:31:53,0.189,0.02,0.476,97928.75,286.677,91,22:31:31
23:31:53,0.182,0.034,0.462,97928.75,286.677,92,22:31:31
23:31:53,0.175,0.027,0.434,97928.75,286.677,93,22:31:31
23:31:53,0.168,0.013,0.413,97928.75,286.677,94,22:31:31
23:31:53,0.126,-0.098,0.371,97928.75,286.677,96,22:31:31
23:31:53,0.112,-0.147,0.336,97928.75,286.677,97,22:31:31
23:31:53,0.091,-0.196,0.308,97928.75,286.677,98,22:31:31
23:31:53,0.085,-0.224,0.294,97928.75,286.677,99,22:31:31
23:31:53,0.147,-0.042,0.392,97928.75,286.677,95,22:31:31
23:31:53,0.071,-0.231,0.273,97928.75,286.677,100,22:31:31
23:31:53,0.063,-0.245,0.252,97928.75,286.677,101,22:31:31
23:31:53,0.05,-0.266,0.245,97928.75,286.677,102,22:31:31
23:31:53,0.043,-0.315,0.266,97928.75,286.677,103,22:31:31
23:31:53,0.036,-0.343,0.28,97928.75,286.677,104,22:31:31
23:31:53,0.029,-0.385,0.294,97928.75,286.677,105,22:31:31
23:31:53,0.015,-0.42,0.294,97928.75,286.677,106,22:31:31
23:31:53,0.022,-0.434,0.28,97928.75,286.677,107,22:31:31
23:31:53,0.036,-0.413,0.287,97928.75,286.677,108,22:31:31
23:31:53,0.085,-0.245,0.343,97928.75,286.677,109,22:31:31
23:31:53,0.147,0.027,0.378,97928.75,286.677,110,22:31:31
23:31:53,0.154,0.111,0.371,97928.75,286.677,111,22:31:31
23:31:53,0.126,-0.021,0.357,97928.75,286.677,112,22:31:31
23:31:53,0.112,-0.091,0.371,97928.75,286.677,113,22:31:31
23:31:53,0.133,-0.007,0.385,97928.75,286.677,114,22:31:31
23:31:53,0.154,0.027,0.399,97928.75,286.677,115,22:31:31
23:31:53,0.147,-0.001,0.413,97928.75,286.677,116,22:31:31
23:31:53,0.14,0.006,0.42,97928.75,286.677,117,22:31:31
23:31:53,0.133,0.021,0.385,97928.727,286.679,118,22:31:31
23:31:53,0.119,-0.021,0.357,97928.727,286.679,119,22:31:31
23:31:53,0.126,-0.042,0.378,97928.727,286.679,120,22:31:31
23:31:53,0.14,0.027,0.413,97928.727,286.679,121,22:31:31
23:31:53,0.14,0.062,0.413,97928.727,286.679,122,22:31:31
23:31:53,0.126,-0.014,0.392,97928.727,286.679,123,22:31:31
23:31:53,0.119,-0.056,0.392,97928.727,286.679,124,22:31:31
23:31:53,0.133,0.007,0.406,97928.727,286.679,125,22:31:31
23:31:53,0.14,0.041,0.406,97928.727,286.679,126,22:31:31
23:31:53,0.126,0.014,0.399,97928.727,286.679,127,22:31:31
23:31:53,0.119,-0.007,0.392,97928.727,286.679,128,22:31:31
23:31:53,0.126,-0.0,0.392,97928.727,286.679,129,22:31:31
23:31:53,0.126,-0.0,0.413,97928.727,286.679,130,22:31:31
23:31:53,0.126,0.014,0.42,97928.727,286.679,131,22:31:31
23:31:53,0.119,0.014,0.406,97928.727,286.679,132,22:31:31
23:31:53,0.112,-0.014,0.392,97928.727,286.679,133,22:31:32
23:31:53,0.112,-0.021,0.392,97928.727,286.679,134,22:31:32
23:31:53,0.119,0.014,0.406,97928.727,286.679,135,22:31:32
23:31:53,0.119,0.028,0.406,97928.727,286.679,136,22:31:32
23:31:53,0.105,-0.0,0.399,97928.727,286.679,137,22:31:32
23:31:53,0.105,-0.007,0.399,97928.727,286.679,138,22:31:32
23:31:53,0.112,0.035,0.399,97928.727,286.679,139,22:31:32
23:31:53,0.126,0.063,0.399,97928.727,286.679,140,22:31:32
23:31:54,0.161,0.055,0.448,97928.727,286.679,142,22:31:32
23:31:54,0.189,0.013,0.525,97928.727,286.679,143,22:31:32
23:31:54,0.313,0.306,0.812,97928.727,286.679,151,22:31:32
23:31:54,0.133,0.097,0.413,97928.727,286.679,141,22:31:32
23:31:54,0.217,0.006,0.63,97928.727,286.679,144,22:31:32
23:31:54,0.259,0.047,0.707,97928.727,286.679,145,22:31:32
23:31:54,0.279,0.096,0.742,97928.727,286.679,146,22:31:32
23:31:54,0.3,0.124,0.784,97928.727,286.679,147,22:31:32
23:31:54,0.314,0.159,0.805,97928.727,286.679,148,22:31:32
23:31:54,0.313,0.201,0.812,97928.727,286.679,149,22:31:32
23:31:54,0.32,0.27,0.812,97928.727,286.679,150,22:31:32
23:31:54,0.32,0.284,0.826,97928.727,286.679,152,22:31:32
23:31:54,0.313,0.298,0.833,97928.727,286.679,153,22:31:32
23:31:54,0.313,0.305,0.819,97928.727,286.679,154,22:31:32
23:31:54,0.299,0.306,0.798,97928.727,286.679,155,22:31:32
23:31:54,0.306,0.32,0.805,97928.727,286.679,156,22:31:32
23:31:54,0.305,0.327,0.819,97928.727,286.679,157,22:31:32
23:31:54,0.312,0.34,0.833,97928.727,286.679,158,22:31:32
23:31:54,0.319,0.361,0.847,97928.727,286.679,159,22:31:32
23:31:54,0.333,0.382,0.861,97928.727,286.679,160,22:31:32
23:31:54,0.34,0.389,0.868,97928.727,286.679,161,22:31:32
23:31:54,0.34,0.403,0.876,97928.727,286.679,162,22:31:32
23:31:54,0.354,0.389,0.869,97928.727,286.679,163,22:31:32
23:31:54,0.383,0.214,0.798,97928.727,286.679,164,22:31:32
23:31:54,0.357,-0.072,0.699,97928.727,286.679,165,22:31:32
23:31:54,0.386,-0.247,0.664,97928.727,286.679,166,22:31:32
23:31:54,0.427,-0.122,0.706,97928.727,286.679,167,22:31:32
23:31:54,0.482,0.102,0.77,97928.727,286.679,168,22:31:32
23:31:54,0.481,0.214,0.728,97928.727,286.679,169,22:31:32
23:31:54,0.433,0.166,0.616,97928.727,286.679,170,22:31:32
23:31:54,0.391,0.089,0.525,97928.727,286.679,171,22:31:32
23:31:54,0.377,0.103,0.448,97928.727,286.679,172,22:31:32
23:31:54,0.384,0.138,0.441,97928.727,286.679,173,22:31:32
23:31:54,0.398,0.124,0.483,97928.727,286.679,174,22:31:32
23:31:54,0.405,0.117,0.553,97928.727,286.679,175,22:31:32
23:31:54,0.419,0.124,0.602,97928.727,286.679,176,22:31:32
23:31:54,0.419,0.103,0.609,97928.727,286.679,177,22:31:32
23:31:54,0.412,0.096,0.588,97928.727,286.679,178,22:31:32
23:31:54,0.405,0.124,0.567,97928.727,286.679,179,22:31:32
23:31:54,0.398,0.18,0.525,97928.727,286.679,180,22:31:32
23:31:54,0.391,0.25,0.497,97928.727,286.679,181,22:31:32
23:31:54,0.418,0.32,0.575,97928.727,286.679,182,22:31:32
23:31:54,0.446,0.396,0.624,97928.727,286.679,183,22:31:32
23:31:54,0.459,0.417,0.701,97928.727,286.679,184,22:31:32
23:31:54,0.48,0.472,0.743,97928.727,286.679,185,22:31:32
23:31:54,0.493,0.521,0.786,97928.727,286.679,186,22:31:32
23:31:54,0.507,0.549,0.8,97928.727,286.679,187,22:31:32
23:31:54,0.514,0.556,0.793,97928.727,286.679,188,22:31:32
23:31:54,0.507,0.556,0.779,97928.727,286.679,189,22:31:32
23:31:54,0.507,0.521,0.772,97928.727,286.679,190,22:31:32
23:31:54,0.507,0.493,0.779,97928.727,286.679,191,22:31:32
23:31:54,0.507,0.465,0.806,97928.727,286.679,192,22:31:32
23:31:54,0.507,0.444,0.82,97928.727,286.679,193,22:31:32
23:31:54,0.501,0.423,0.806,97928.727,286.679,194,22:31:32
23:31:54,0.494,0.395,0.778,97928.727,286.679,195,22:31:32
23:31:54,0.494,0.444,0.736,97928.727,286.679,196,22:31:32
23:31:54,0.487,0.465,0.729,97928.727,286.679,197,22:31:32
23:31:54,0.487,0.445,0.715,97928.727,286.679,198,22:31:32
23:31:54,0.473,0.424,0.701,97928.727,286.679,199,22:31:32
23:31:54,0.46,0.347,0.694,97928.727,286.679,200,22:31:32
23:31:54,0.446,0.305,0.68,97928.727,286.679,201,22:31:32
23:31:54,0.432,0.284,0.666,97928.727,286.679,202,22:31:32
23:31:54,0.418,0.27,0.644,97928.727,286.679,203,22:31:32
23:31:54,0.404,0.264,0.616,97928.727,286.679,204,22:31:32
23:31:54,0.397,0.25,0.602,97928.727,286.679,205,22:31:32
23:31:54,0.397,0.243,0.602,97928.727,286.679,206,22:31:32
23:31:54,0.397,0.243,0.616,97928.727,286.679,207,22:31:32
23:31:54,0.404,0.264,0.637,97928.727,286.679,208,22:31:32
23:31:54,0.397,0.264,0.637,97928.727,286.679,209,22:31:32
23:31:54,0.39,0.243,0.623,97928.727,286.679,210,22:31:32
23:31:54,0.377,0.208,0.602,97928.727,286.679,211,22:31:32
23:31:54,0.356,0.173,0.574,97928.727,286.679,212,22:31:32
23:31:54,0.342,0.152,0.553,97928.727,286.679,213,22:31:32
23:31:54,0.335,0.138,0.546,97928.727,286.679,214,22:31:32
23:31:54,0.328,0.131,0.539,97928.727,286.679,215,22:31:32
23:31:54,0.321,0.117,0.539,97928.727,286.679,216,22:31:32
23:31:54,0.307,0.104,0.525,97928.727,286.679,217,22:31:32
23:31:54,0.3,0.083,0.511,97928.727,286.679,218,22:31:32
23:31:54,0.293,0.069,0.49,97928.727,286.679,219,22:31:32
23:31:54,0.28,0.062,0.448,97928.727,286.679,220,22:31:32
23:31:54,0.259,0.048,0.399,97928.727,286.679,221,22:31:32
23:31:54,0.238,0.041,0.322,97928.727,286.679,222,22:31:32
23:31:54,0.231,0.02,0.266,97928.727,286.679,223,22:31:32
23:31:54,0.238,0.006,0.252,97929.062,286.65,224,22:31:32
23:31:54,0.238,0.013,0.287,97929.062,286.65,225,22:31:32
23:31:54,0.238,0.034,0.28,97929.062,286.65,226,22:31:32
23:31:54,0.224,0.034,0.252,97929.062,286.65,227,22:31:32
23:31:54,0.217,0.014,0.224,97929.062,286.65,228,22:31:32
23:31:54,0.21,-0.014,0.196,97929.062,286.65,229,22:31:33
23:31:54,0.182,-0.035,0.182,97929.062,286.65,230,22:31:33
23:31:54,-0.042,-0.049,0.21,97929.062,286.65,231,22:31:33
23:31:54,-0.189,-0.042,0.259,97929.062,286.65,232,22:31:33
23:31:54,-0.308,-0.076,0.301,97929.062,286.65,233,22:31:33
23:31:54,-0.363,-0.153,0.308,97929.062,286.65,234,22:31:33
23:31:54,-0.377,-0.244,0.295,97929.062,286.65,235,22:31:33
23:31:54,-0.398,-0.321,0.267,97929.062,286.65,236,22:31:33
23:31:54,-0.433,-0.363,0.253,97929.062,286.65,237,22:31:33
23:31:55,-0.468,-0.391,0.26,97929.062,286.65,238,22:31:33
23:31:55,-0.496,-0.411,0.289,97929.062,286.65,239,22:31:33
23:31:55,-0.495,-0.432,0.317,97929.062,286.65,240,22:31:33
23:31:55,-0.495,-0.453,0.338,97929.062,286.65,241,22:31:33
23:31:55,-0.502,-0.481,0.345,97929.062,286.65,242,22:31:33
23:31:55,-0.523,-0.516,0.345,97929.062,286.65,243,22:31:33
23:31:55,-0.53,-0.6,0.353,97929.062,286.65,244,22:31:33
23:31:55,-0.543,-0.684,0.367,97929.062,286.65,245,22:31:33
23:31:55,-0.585,-0.711,0.388,97929.062,286.65,246,22:31:33
23:31:55,-0.676,-0.697,0.424,97929.062,286.65,247,22:31:33
23:31:55,-0.983,-0.576,0.586,97929.062,286.65,248,22:31:33
23:31:55,-1.04,-0.519,0.599,97929.062,286.65,249,22:31:33
23:31:55,-1.033,-0.549,0.404,97929.062,286.65,250,22:31:33
23:31:55,-1.056,-0.608,0.062,97929.062,286.65,251,22:31:33
23:31:55,-1.128,-0.653,-0.217,97929.062,286.65,252,22:31:33
23:31:55,-1.178,-0.704,-0.412,97929.062,286.65,253,22:31:33
23:31:55,-1.207,-0.775,-0.503,97929.062,286.65,254,22:31:33
23:31:55,-1.221,-0.845,-0.516,97929.062,286.65,255,22:31:33
23:31:55,-1.214,-0.9,-0.48,97929.062,286.65,256,22:31:33
23:31:55,-1.221,-0.949,-0.431,97929.062,286.65,257,22:31:33
23:31:55,-1.249,-0.991,-0.458,97929.062,286.65,258,22:31:33
23:31:55,-1.313,-1.021,-0.576,97929.062,286.65,259,22:31:33
23:31:55,-1.378,-1.065,-0.729,97929.062,286.65,260,22:31:33
23:31:55,-1.431,-1.327,-0.935,97929.062,286.65,261,22:31:33
23:31:55,-1.433,-1.481,-0.989,97929.062,286.65,262,22:31:33
23:31:55,-1.421,-1.628,-1.03,97929.062,286.65,263,22:31:33
23:31:55,-1.409,-1.741,-1.077,97929.062,286.65,264,22:31:33
23:31:55,-1.41,-1.797,-1.119,97929.062,286.65,265,22:31:33
23:31:55,-1.418,-1.84,-1.146,97929.062,286.65,266,22:31:33
23:31:55,-1.412,-1.882,-1.153,97929.062,286.65,267,22:31:33
23:31:55,-1.405,-1.916,-1.145,97929.062,286.65,268,22:31:33
23:31:55,-1.412,-1.937,-1.138,97929.062,286.65,269,22:31:33
23:31:55,-1.433,-1.945,-1.152,97929.062,286.65,270,22:31:33
23:31:55,-1.469,-1.96,-1.2,97929.062,286.65,271,22:31:33
23:31:55,-1.512,-1.954,-1.262,97929.062,286.65,272,22:31:33
23:31:55,-1.576,-1.921,-1.332,97929.062,286.65,273,22:31:33
23:31:55,-1.653,-1.838,-1.38,97929.062,286.65,274,22:31:33
23:31:55,-1.688,-1.77,-1.444,97929.062,286.65,275,22:31:33
23:31:55,-1.294,-2.045,-1.524,97928.727,286.679,276,22:31:33
23:31:55,-1.003,-2.244,-1.507,97928.727,286.679,277,22:31:33
23:31:55,-0.731,-2.387,-1.49,97928.727,286.679,278,22:31:33
23:31:55,-0.501,-2.496,-1.453,97928.727,286.679,279,22:31:33
23:31:55,-0.325,-2.564,-1.379,97928.727,286.679,280,22:31:33
23:31:55,-0.225,-2.604,-1.27,97928.727,286.679,281,22:31:33
23:31:55,-0.186,-2.555,-1.123,97928.727,286.679,282,22:31:33
23:31:55,-0.167,-2.477,-0.935,97928.727,286.679,283,22:31:33
23:31:55,-0.149,-2.505,-0.732,97928.727,286.679,284,22:31:33
23:31:55,-0.145,-2.568,-0.515,97928.727,286.679,285,22:31:33
23:31:55,-0.14,-2.623,-0.312,97928.727,286.679,286,22:31:33
23:31:55,-0.136,-2.63,-0.123,97928.727,286.679,287,22:31:33
23:31:55,-0.125,-2.595,0.038,97928.727,286.679,288,22:31:33
23:31:55,-0.107,-2.511,0.219,97928.727,286.679,289,22:31:33
23:31:55,-0.093,-2.539,0.247,97928.727,286.679,290,22:31:33
23:31:55,-0.078,-2.623,0.254,97928.727,286.679,291,22:31:33
23:31:55,-0.057,-2.749,0.261,97928.727,286.679,292,22:31:33
23:31:55,-0.014,-2.903,0.274,97928.727,286.679,293,22:31:33
23:31:55,0.043,-3.036,0.293,97928.727,286.679,294,22:31:33
23:31:55,0.099,-3.127,0.306,97928.727,286.679,295,22:31:33
23:31:55,0.149,-3.176,0.325,97928.727,286.679,296,22:31:33
23:31:55,0.177,-3.169,0.331,97928.727,286.679,297,22:31:33
23:31:55,0.219,-3.155,0.33,97928.727,286.679,298,22:31:33
23:31:55,0.254,-3.183,0.301,97928.727,286.679,299,22:31:33
23:31:55,0.273,-3.239,0.252,97928.727,286.679,300,22:31:33
23:31:55,0.287,-3.295,0.216,97928.727,286.679,301,22:31:33
23:31:55,0.299,-3.379,0.166,97928.727,286.679,302,22:31:33
23:31:55,0.304,-3.477,0.096,97928.727,286.679,303,22:31:33
23:31:55,0.31,-3.575,0.039,97928.727,286.679,304,22:31:33
23:31:55,0.322,-3.652,-0.017,97928.727,286.679,305,22:31:33
23:31:55,0.335,-3.721,-0.053,97928.727,286.679,306,22:31:33
23:31:55,0.327,-3.763,-0.074,97928.727,286.679,307,22:31:33
23:31:55,0.299,-3.742,-0.073,97928.727,286.679,308,22:31:33
23:31:55,0.244,-3.673,-0.057,97928.727,286.679,309,22:31:33
23:31:55,0.105,-3.442,-0.003,97928.727,286.679,310,22:31:33
23:31:55,0.043,-3.309,0.034,97928.727,286.679,311,22:31:33
23:31:55,-0.013,-3.183,0.042,97928.727,286.679,312,22:31:33
23:31:55,-0.069,-3.085,0.058,97928.727,286.679,313,22:31:33
23:31:55,-0.103,-3.015,0.08,97928.727,286.679,314,22:31:33
23:31:55,-0.095,-3.008,0.101,97928.727,286.679,315,22:31:33
23:31:55,-0.06,-3.029,0.128,97928.727,286.679,316,22:31:33
23:31:55,-0.017,-3.064,0.141,97928.727,286.679,317,22:31:33
23:31:55,0.018,-3.085,0.147,97928.727,286.679,318,22:31:33
23:31:55,0.053,-3.113,0.153,97928.727,286.679,319,22:31:33
23:31:55,0.095,-3.141,0.152,97928.727,286.679,320,22:31:33
23:31:55,0.116,-3.141,0.158,97928.727,286.679,321,22:31:33
23:31:55,0.131,-3.113,0.179,97928.727,286.679,322,22:31:33
23:31:55,0.146,-3.064,0.213,97928.727,286.679,323,22:31:34
23:31:55,0.167,-3.008,0.241,97928.727,286.679,324,22:31:34
23:31:55,0.189,-2.973,0.247,97928.727,286.679,325,22:31:34
23:31:55,0.202,-2.973,0.24,97928.727,286.679,326,22:31:34
23:31:55,0.202,-3.001,0.219,97928.727,286.679,327,22:31:34
23:31:55,0.201,-3.022,0.198,97928.727,286.679,328,22:31:34
23:31:55,0.165,-3.022,0.157,97928.391,286.707,329,22:31:34
23:31:55,0.137,-2.98,0.144,97928.391,286.707,330,22:31:34
23:31:55,0.108,-2.91,0.123,97928.391,286.707,331,22:31:34
23:31:56,0.073,-2.819,0.103,97928.391,286.707,332,22:31:34
23:31:56,0.051,-2.742,0.062,97928.391,286.707,333,22:31:34
23:31:56,0.042,-2.672,0.006,97928.391,286.707,334,22:31:34
23:31:56,0.026,-2.623,-0.071,97928.391,286.707,335,22:31:34
23:31:56,0.018,-2.595,-0.147,97928.391,286.707,336,22:31:34
23:31:56,0.009,-2.588,-0.238,97928.391,286.707,337,22:31:34
23:31:56,0.007,-2.602,-0.322,97928.391,286.707,338,22:31:34
23:31:56,0.012,-2.651,-0.399,97928.391,286.707,339,22:31:34
23:31:56,0.01,-2.707,-0.463,97928.391,286.707,340,22:31:34
23:31:56,0.009,-2.749,-0.498,97928.391,286.707,341,22:31:34
23:31:56,0.008,-2.763,-0.526,97928.391,286.707,342,22:31:34
23:31:56,0.014,-2.749,-0.575,97928.391,286.707,343,22:31:34
23:31:56,0.027,-2.735,-0.631,97928.391,286.707,344,22:31:34
23:31:56,0.053,-2.741,-0.695,97928.391,286.707,345,22:31:34
23:31:56,0.087,-2.769,-0.759,97928.391,286.707,346,22:31:34
23:31:56,0.2,-2.978,-0.923,97928.391,286.707,347,22:31:34
23:31:56,0.26,-3.11,-1.009,97928.391,286.707,348,22:31:34
23:31:56,0.306,-3.222,-1.088,97928.391,286.707,349,22:31:34
23:31:56,0.339,-3.298,-1.138,97928.391,286.707,350,22:31:34
23:31:56,0.359,-3.34,-1.16,97928.391,286.707,351,22:31:34
23:31:56,0.366,-3.375,-1.139,97928.391,286.707,352,22:31:34
23:31:56,0.367,-3.396,-1.083,97928.391,286.707,353,22:31:34
23:31:56,0.376,-3.41,-1.028,97928.391,286.707,354,22:31:34
23:31:56,0.384,-3.431,-0.972,97928.391,286.707,355,22:31:34
23:31:56,0.393,-3.459,-0.93,97928.391,286.707,356,22:31:34
23:31:56,0.4,-3.494,-0.896,97928.391,286.707,357,22:31:34
23:31:56,0.401,-3.529,-0.861,97928.391,286.707,358,22:31:34
23:31:56,0.402,-3.565,-0.819,97928.391,286.707,359,22:31:34
23:31:56,0.39,-3.593,-0.769,97928.391,286.707,360,22:31:34
23:31:56,0.371,-3.593,-0.706,97928.391,286.707,361,22:31:34
23:31:56,0.345,-3.545,-0.642,97928.391,286.707,362,22:31:34
23:31:56,0.293,-3.363,-0.527,97928.391,286.707,363,22:31:34
23:31:56,0.273,-3.286,-0.505,97928.391,286.707,364,22:31:34
23:31:56,0.266,-3.251,-0.512,97928.391,286.707,365,22:31:34
23:31:56,0.265,-3.244,-0.547,97928.391,286.707,366,22:31:34
23:31:56,0.263,-3.272,-0.596,97928.391,286.707,367,22:31:34
23:31:56,0.269,-3.307,-0.653,97928.391,286.707,368,22:31:34
23:31:56,0.267,-3.342,-0.695,97928.391,286.707,369,22:31:34
23:31:56,0.265,-3.363,-0.751,97928.391,286.707,370,22:31:34
23:31:56,0.271,-3.384,-0.8,97928.391,286.707,371,22:31:34
23:31:56,0.276,-3.411,-0.856,97928.391,286.707,372,22:31:34
23:31:56,0.274,-3.439,-0.913,97928.391,286.707,373,22:31:34
23:31:56,0.265,-3.453,-0.961,97928.391,286.707,374,22:31:34
23:31:56,0.243,-3.453,-1.017,97928.391,286.707,375,22:31:34
23:31:56,0.199,-3.446,-1.086,97928.391,286.707,376,22:31:34
23:31:56,0.175,-3.467,-1.162,97928.391,286.707,377,22:31:34
23:31:56,0.143,-3.516,-1.273,97928.391,286.707,378,22:31:34
23:31:56,0.089,-3.656,-1.595,97928.391,286.707,379,22:31:34
23:31:56,0.075,-3.733,-1.777,97928.391,286.707,380,22:31:34
23:31:56,0.067,-3.824,-1.973,97928.219,286.722,381,22:31:34
23:31:56,0.052,-3.942,-2.17,97928.219,286.722,382,22:31:34
23:31:56,0.05,-4.082,-2.331,97928.219,286.722,383,22:31:34
23:31:56,0.049,-4.243,-2.473,97928.219,286.722,384,22:31:34
23:31:56,0.04,-4.396,-2.62,97928.219,286.722,385,22:31:34
23:31:56,0.023,-4.543,-2.782,97928.219,286.722,386,22:31:34
23:31:56,-0.009,-4.69,-2.964,97928.219,286.722,387,22:31:34
23:31:56,-0.042,-4.837,-3.16,97928.219,286.722,388,22:31:34
23:31:56,-0.068,-4.956,-3.35,97928.219,286.722,389,22:31:34
23:31:56,-0.106,-5.041,-3.531,97928.219,286.722,390,22:31:34
23:31:56,-0.144,-5.104,-3.692,97928.219,286.722,391,22:31:34
23:31:56,-0.173,-5.189,-3.817,97928.219,286.722,392,22:31:34
23:31:56,-0.202,-5.287,-3.922,97928.219,286.722,393,22:31:34
23:31:56,-0.231,-5.379,-4.013,97928.219,286.722,394,22:31:34
23:31:56,-0.251,-5.442,-4.097,97928.219,286.722,395,22:31:34
23:31:56,-0.284,-5.394,-4.236,97928.219,286.722,396,22:31:34
23:31:56,-0.289,-5.268,-4.298,97928.219,286.722,397,22:31:34
23:31:56,-0.298,-5.08,-4.339,97928.219,286.722,398,22:31:34
23:31:56,-0.283,-4.87,-4.352,97928.219,286.722,399,22:31:34
23:31:56,-0.256,-4.708,-4.345,97928.219,286.722,400,22:31:34
23:31:56,-0.203,-4.629,-4.319,97928.219,286.722,401,22:31:34
23:31:56,-0.124,-4.64,-4.259,97928.219,286.722,402,22:31:34
23:31:56,-0.025,-4.693,-4.193,97928.219,286.722,403,22:31:34
23:31:56,0.067,-4.767,-4.12,97928.219,286.722,404,22:31:34
23:31:56,0.152,-4.834,-4.04,97928.219,286.722,405,22:31:34
23:31:56,0.217,-4.874,-3.959,97928.219,286.722,406,22:31:34
23:31:56,0.263,-4.866,-3.876,97928.219,286.722,407,22:31:34
23:31:56,0.346,-4.711,-3.689,97928.219,286.722,408,22:31:34
23:31:56,0.395,-4.647,-3.584,97928.219,286.722,409,22:31:34
23:31:56,0.442,-4.626,-3.467,97928.219,286.722,410,22:31:34
23:31:56,0.48,-4.681,-3.349,97928.219,286.722,411,22:31:34
23:31:56,0.509,-4.786,-3.26,97928.219,286.722,412,22:31:34
23:31:56,0.516,-4.884,-3.212,97928.219,286.722,413,22:31:34
23:31:56,0.493,-4.941,-3.205,97928.219,286.722,414,22:31:34
23:31:56,0.436,-4.95,-3.231,97928.219,286.722,415,22:31:34
23:31:56,0.358,-4.93,-3.269,97928.219,286.722,416,22:31:34
23:31:56,0.273,-4.905,-3.301,97928.219,286.722,417,22:31:35
23:31:56,0.208,-4.906,-3.333,97928.219,286.722,418,22:31:35
23:31:56,0.149,-4.957,-3.373,97928.219,286.722,419,22:31:35
23:31:56,0.102,-5.028,-3.435,97928.219,286.722,420,22:31:35
23:31:56,0.06,-5.113,-3.525,97928.219,286.722,421,22:31:35
23:31:57,-0.018,-5.198,-3.789,97928.219,286.722,422,22:31:35
23:31:57,-0.053,-5.184,-3.963,97928.219,286.722,423,22:31:35
23:31:57,-0.075,-5.156,-4.159,97928.219,286.722,424,22:31:35
23:31:57,-0.09,-5.149,-4.348,97928.219,286.722,425,22:31:35
23:31:57,-0.08,-5.189,-4.539,97928.219,286.722,426,22:31:35
23:31:57,-0.057,-5.272,-4.738,97928.219,286.722,427,22:31:35
23:31:57,-0.022,-5.388,-4.931,97928.219,286.722,428,22:31:35
23:31:57,0.015,-5.483,-5.11,97928.219,286.722,429,22:31:35
23:31:57,0.039,-5.536,-5.273,97928.219,286.722,430,22:31:35
23:31:57,0.039,-5.563,-5.407,97928.219,286.722,431,22:31:35
23:31:57,0.041,-5.563,-5.499,97928.406,286.706,432,22:31:35
23:31:57,0.045,-5.576,-5.556,97928.406,286.706,433,22:31:35
23:31:57,0.049,-5.604,-5.592,97928.406,286.706,434,22:31:35
23:31:57,0.06,-5.652,-5.6,97928.406,286.706,435,22:31:35
23:31:57,0.065,-5.721,-5.58,97928.406,286.706,436,22:31:35
23:31:57,0.07,-5.805,-5.539,97928.406,286.706,437,22:31:35
23:31:57,0.084,-5.889,-5.463,97928.406,286.706,438,22:31:35
23:31:57,0.091,-5.994,-5.373,97928.406,286.706,439,22:31:35
23:31:57,0.098,-6.092,-5.283,97928.406,286.706,440,22:31:35
23:31:57,0.116,-6.24,-5.089,97928.406,286.706,441,22:31:35
23:31:57,0.127,-6.296,-4.97,97928.406,286.706,442,22:31:35
23:31:57,0.132,-6.346,-4.844,97928.406,286.706,443,22:31:35
23:31:57,0.138,-6.381,-4.718,97928.406,286.706,444,22:31:35
23:31:57,0.136,-6.424,-4.584,97928.406,286.706,445,22:31:35
23:31:57,0.128,-6.475,-4.45,97928.406,286.706,446,22:31:35
23:31:57,0.112,-6.511,-4.337,97928.406,286.706,447,22:31:35
23:31:57,0.094,-6.555,-4.252,97928.406,286.706,448,22:31:35
23:31:57,0.076,-6.598,-4.174,97928.406,286.706,449,22:31:35
23:31:57,0.058,-6.627,-4.095,97928.406,286.706,450,22:31:35
23:31:57,0.057,-6.613,-4.003,97928.406,286.706,451,22:31:35
23:31:57,0.059,-6.565,-3.883,97928.406,286.706,452,22:31:35
23:31:57,0.076,-6.496,-3.749,97928.406,286.706,453,22:31:35
23:31:57,0.099,-6.447,-3.609,97928.406,286.706,454,22:31:35
23:31:57,0.135,-6.446,-3.47,97928.406,286.706,455,22:31:35
23:31:57,0.199,-6.502,-3.199,97928.406,286.706,456,22:31:35
23:31:57,0.219,-6.53,-3.073,97928.406,286.706,457,22:31:35
23:31:57,0.233,-6.552,-2.94,97928.406,286.706,458,22:31:35
23:31:57,0.262,-6.573,-2.794,97928.406,286.706,459,22:31:35
23:31:57,0.307,-6.573,-2.634,97928.406,286.706,460,22:31:35
23:31:57,0.366,-6.573,-2.461,97928.406,286.706,461,22:31:35
23:31:57,0.447,-6.601,-2.276,97928.406,286.706,462,22:31:35
23:31:57,0.543,-6.65,-2.07,97928.406,286.706,463,22:31:35
23:31:57,0.66,-6.733,-1.852,97928.406,286.706,464,22:31:35
23:31:57,0.785,-6.839,-1.628,97928.406,286.706,465,22:31:35
23:31:57,0.898,-6.91,-1.381,97928.406,286.706,466,22:31:35
23:31:57,0.998,-6.939,-1.112,97928.406,286.706,467,22:31:35
23:31:57,1.086,-6.928,-0.828,97928.406,286.706,468,22:31:35
23:31:57,1.182,-6.902,-0.523,97928.406,286.706,469,22:31:35
23:31:57,1.272,-6.871,-0.21,97928.406,286.706,470,22:31:35
23:31:57,1.436,-6.808,0.409,97928.406,286.706,471,22:31:35
23:31:57,1.516,-6.777,0.701,97928.406,286.706,472,22:31:35
23:31:57,1.589,-6.746,0.979,97928.406,286.706,473,22:31:35
23:31:57,1.653,-6.715,1.244,97928.406,286.706,474,22:31:35
23:31:57,1.695,-6.676,1.495,97928.406,286.706,475,22:31:35
23:31:57,1.72,-6.609,1.706,97928.406,286.706,476,22:31:35
23:31:57,1.728,-6.534,1.876,97928.406,286.706,477,22:31:35
23:31:57,1.719,-6.445,1.997,97928.406,286.706,478,22:31:35
23:31:57,1.714,-6.375,2.069,97928.406,286.706,479,22:31:35
23:31:57,1.715,-6.361,2.076,97928.406,286.706,480,22:31:35
23:31:57,1.722,-6.438,2.054,97928.406,286.706,481,22:31:35
23:31:57,1.73,-6.578,2.017,97928.406,286.706,482,22:31:35
23:31:57,1.731,-6.732,1.98,97928.406,286.706,483,22:31:35
23:31:57,1.697,-6.843,1.945,97928.406,286.706,484,22:31:35
23:31:57,1.639,-6.89,1.906,97927.719,286.765,485,22:31:35
23:31:57,1.565,-6.917,1.847,97927.719,286.765,486,22:31:35
23:31:57,1.483,-6.928,1.76,97927.719,286.765,487,22:31:35
23:31:57,1.406,-6.961,1.651,97927.719,286.765,488,22:31:35
23:31:57,1.357,-7.008,1.527,97927.719,286.765,489,22:31:35
23:31:57,1.321,-7.056,1.394,97927.719,286.765,490,22:31:35
23:31:57,1.308,-7.075,1.282,97927.719,286.765,491,22:31:35
23:31:57,1.295,-7.067,1.191,97927.719,286.765,492,22:31:35
23:31:57,1.283,-7.018,1.129,97927.719,286.765,493,22:31:35
23:31:57,1.274,-6.933,1.102,97927.719,286.765,494,22:31:35
23:31:57,1.328,-6.723,1.114,97927.719,286.765,495,22:31:35
23:31:57,1.353,-6.626,1.071,97927.719,286.765,496,22:31:35
23:31:57,1.403,-6.555,0.985,97927.719,286.765,497,22:31:35
23:31:57,1.461,-6.596,0.882,97927.719,286.765,498,22:31:35
23:31:57,1.549,-6.743,0.777,97927.719,286.765,499,22:31:35
23:31:57,1.631,-6.981,0.698,97927.719,286.765,500,22:31:35
23:31:57,1.671,-7.211,0.622,97927.719,286.765,501,22:31:35
23:31:57,1.688,-7.371,0.534,97927.719,286.765,502,22:31:35
23:31:57,1.683,-7.44,0.442,97927.719,286.765,503,22:31:35
23:31:57,1.641,-7.404,0.346,97927.719,286.765,504,22:31:35
23:31:57,1.579,-7.311,0.274,97927.719,286.765,505,22:31:35
23:31:57,1.526,-7.205,0.229,97927.719,286.765,506,22:31:35
23:31:57,1.49,-7.114,0.225,97927.719,286.765,507,22:31:35
23:31:57,1.477,-7.044,0.248,97927.719,286.765,508,22:31:35
23:31:57,1.478,-6.975,0.277,97927.719,286.765,509,22:31:35
23:31:57,1.501,-6.926,0.312,97927.719,286.765,510,22:31:35
23:31:57,1.553,-6.892,0.351,97927.719,286.765,511,22:31:35
23:31:57,1.633,-6.865,0.403,97927.719,286.765,512,22:31:35
23:31:57,1.743,-6.859,0.467,97927.719,286.765,513,22:31:36
23:31:57,1.868,-6.91,0.537,97927.719,286.765,514,22:31:36
23:31:57,2.001,-7.017,0.619,97927.719,286.765,515,22:31:36
23:31:57,2.27,-7.295,0.802,97927.719,286.765,516,22:31:36
23:31:57,2.397,-7.411,0.891,97927.719,286.765,517,22:31:36
23:31:57,2.505,-7.491,1.003,97927.719,286.765,518,22:31:36
23:31:57,2.591,-7.522,1.138,97927.719,286.765,519,22:31:36
23:31:58,2.664,-7.519,1.282,97927.719,286.765,520,22:31:36
23:31:58,2.718,-7.51,1.462,97927.719,286.765,521,22:31:36
23:31:58,2.758,-7.5,1.644,97927.719,286.765,522,22:31:36
23:31:58,2.799,-7.498,1.839,97927.719,286.765,523,22:31:36
23:31:58,2.826,-7.516,2.035,97927.719,286.765,524,22:31:36
23:31:58,2.84,-7.57,2.224,97927.719,286.765,525,22:31:36
23:31:58,2.839,-7.65,2.399,97927.719,286.765,526,22:31:36
23:31:58,2.823,-7.73,2.548,97927.719,286.765,527,22:31:36
23:31:58,2.806,-7.802,2.689,97927.719,286.765,528,22:31:36
23:31:58,2.796,-7.861,2.824,97927.719,286.765,529,22:31:36
23:31:58,2.813,-7.92,2.956,97927.719,286.765,530,22:31:36
23:31:58,2.848,-8.035,3.093,97927.719,286.765,531,22:31:36
23:31:58,2.885,-8.2,3.237,97927.719,286.765,532,22:31:36
23:31:58,2.924,-8.365,3.395,97927.719,286.765,533,22:31:36
23:31:58,2.96,-8.575,3.695,97927.719,286.765,534,22:31:36
23:31:58,2.958,-8.64,3.822,97927.719,286.765,535,22:31:36
23:31:58,2.945,-8.697,3.907,97927.719,286.765,536,22:31:36
23:31:58,2.923,-8.774,3.943,97927.562,286.779,537,22:31:36
23:31:58,2.906,-8.893,3.929,97927.562,286.779,538,22:31:36
23:31:58,2.903,-9.059,3.885,97927.562,286.779,539,22:31:36
23:31:58,2.899,-9.241,3.826,97927.562,286.779,540,22:31:36
23:31:58,2.892,-9.4,3.747,97927.562,286.779,541,22:31:36
23:31:58,2.861,-9.516,3.655,97927.562,286.779,542,22:31:36
23:31:58,2.827,-9.577,3.551,97927.562,286.779,543,22:31:36
23:31:58,2.785,-9.623,3.447,97927.562,286.779,544,22:31:36
23:31:58,2.749,-9.676,3.335,97927.562,286.779,545,22:31:36
23:31:58,2.72,-9.743,3.209,97927.562,286.779,546,22:31:36
23:31:58,2.705,-9.832,3.074,97927.562,286.779,547,22:31:36
23:31:58,2.696,-9.927,2.931,97927.562,286.779,548,22:31:36
23:31:58,2.688,-10.023,2.788,97927.562,286.779,549,22:31:36
23:31:58,2.679,-10.118,2.652,97927.562,286.779,550,22:31:36
23:31:58,2.671,-10.208,2.53,97927.562,286.779,551,22:31:36
23:31:58,2.664,-10.276,2.423,97927.562,286.779,552,22:31:36
23:31:58,2.659,-10.337,2.344,97927.562,286.779,553,22:31:36
23:31:58,2.647,-10.413,2.273,97927.562,286.779,554,22:31:36
23:31:58,2.635,-10.489,2.187,97927.562,286.779,555,22:31:36
23:31:58,2.623,-10.571,2.109,97927.562,286.779,556,22:31:36
23:31:58,2.609,-10.647,2.016,97927.562,286.779,557,22:31:36
23:31:58,2.589,-10.798,1.823,97927.562,286.779,558,22:31:36
23:31:58,2.589,-10.887,1.728,97927.562,286.779,559,22:31:36
23:31:58,2.599,-10.984,1.661,97927.562,286.779,560,22:31:36
23:31:58,2.625,-11.096,1.607,97927.562,286.779,561,22:31:36
23:31:58,2.661,-11.188,1.574,97927.562,286.779,562,22:31:36
23:31:58,2.687,-11.272,1.534,97927.562,286.779,563,22:31:36
23:31:58,2.712,-11.327,1.473,97927.562,286.779,564,22:31:36
23:31:58,2.727,-11.368,1.399,97927.562,286.779,565,22:31:36
23:31:58,2.731,-11.387,1.298,97927.562,286.779,566,22:31:36
23:31:58,2.727,-11.385,1.177,97927.562,286.779,567,22:31:36
23:31:58,2.72,-11.389,1.034,97927.562,286.779,568,22:31:36
23:31:58,2.717,-11.399,0.862,97927.562,286.779,569,22:31:36
23:31:58,2.706,-11.416,0.669,97927.562,286.779,570,22:31:36
23:31:58,2.7,-11.426,0.462,97927.562,286.779,571,22:31:36
23:31:58,2.7,-11.414,0.254,97927.562,286.779,572,22:31:36
23:31:58,2.717,-11.389,0.059,97927.562,286.779,573,22:31:36
23:31:58,2.735,-11.35,-0.114,97927.562,286.779,574,22:31:36
23:31:58,2.762,-11.318,-0.274,97927.562,286.779,575,22:31:36
23:31:58,2.789,-11.314,-0.434,97927.562,286.779,576,22:31:36
23:31:58,2.808,-11.331,-0.608,97927.562,286.779,577,22:31:36
23:31:58,2.832,-11.435,-0.944,97927.562,286.779,578,22:31:36
23:31:58,2.829,-11.465,-1.116,97927.562,286.779,579,22:31:36
23:31:58,2.805,-11.461,-1.293,97927.562,286.779,580,22:31:36
23:31:58,2.772,-11.435,-1.469,97927.562,286.779,581,22:31:36
23:31:58,2.718,-11.41,-1.649,97927.562,286.779,582,22:31:36
23:31:58,2.659,-11.385,-1.814,97927.562,286.779,583,22:31:36
23:31:58,2.608,-11.368,-1.96,97927.562,286.779,584,22:31:36
23:31:58,2.559,-11.351,-2.098,97927.562,286.779,585,22:31:36
23:31:58,2.496,-11.334,-2.22,97927.562,286.779,586,22:31:36
23:31:58,2.427,-11.325,-2.342,97927.562,286.779,587,22:31:36
23:31:58,2.342,-11.323,-2.47,97927.562,286.779,588,22:31:36
23:31:58,2.25,-11.329,-2.597,97927.562,286.779,589,22:31:36
23:31:58,2.078,-11.341,-2.817,97926.891,286.836,590,22:31:36
23:31:58,1.999,-11.355,-2.881,97926.891,286.836,591,22:31:36
23:31:58,1.94,-11.363,-2.904,97926.891,286.836,592,22:31:36
23:31:58,1.884,-11.365,-2.884,97926.891,286.836,593,22:31:36
23:31:58,1.84,-11.367,-2.83,97926.891,286.836,594,22:31:36
23:31:58,1.798,-11.349,-2.746,97926.891,286.836,595,22:31:36
23:31:58,1.757,-11.316,-2.662,97926.891,286.836,596,22:31:36
23:31:58,1.722,-11.291,-2.579,97926.891,286.836,597,22:31:36
23:31:58,1.708,-11.279,-2.506,97926.891,286.836,598,22:31:36
23:31:58,1.715,-11.287,-2.435,97926.891,286.836,599,22:31:36
23:31:58,1.728,-11.309,-2.372,97926.891,286.836,600,22:31:36
23:31:58,1.756,-11.359,-2.312,97926.891,286.836,601,22:31:36
23:31:58,1.79,-11.423,-2.245,97926.891,286.836,602,22:31:36
23:31:58,1.826,-11.494,-2.164,97926.891,286.836,603,22:31:36
23:31:58,1.878,-11.552,-2.07,97926.891,286.836,604,22:31:36
23:31:58,1.937,-11.595,-1.984,97926.891,286.836,605,22:31:36
23:31:58,1.988,-11.631,-1.904,97926.891,286.836,606,22:31:36
23:31:58,2.077,-11.66,-1.806,97926.891,286.836,607,22:31:37
23:31:58,2.106,-11.667,-1.802,97926.891,286.836,608,22:31:37
23:31:58,2.117,-11.673,-1.832,97926.891,286.836,609,22:31:37
23:31:58,2.127,-11.672,-1.876,97926.891,286.836,610,22:31:37
23:31:58,2.129,-11.65,-1.933,97926.891,286.836,611,22:31:37
23:31:58,2.122,-11.627,-2.004,97926.891,286.836,612,22:31:37
23:31:59,2.099,-11.619,-2.088,97926.891,286.836,613,22:31:37
23:31:59,2.068,-11.602,-2.177,97926.891,286.836,614,22:31:37
23:31:59,2.024,-11.58,-2.258,97926.891,286.836,615,22:31:37
23:31:59,1.973,-11.537,-2.345,97926.891,286.836,616,22:31:37
23:31:59,1.914,-11.501,-2.425,97926.891,286.836,617,22:31:37
23:31:59,1.849,-11.472,-2.51,97926.891,286.836,618,22:31:37
23:31:59,1.79,-11.451,-2.597,97926.891,286.836,619,22:31:37
23:31:59,1.724,-11.457,-2.684,97926.891,286.836,620,22:31:37
23:31:59,1.663,-11.499,-2.78,97926.891,286.836,621,22:31:37
23:31:59,1.61,-11.547,-2.869,97926.891,286.836,622,22:31:37
23:31:59,1.509,-11.61,-3.004,97926.891,286.836,623,22:31:37
23:31:59,1.459,-11.638,-3.071,97926.891,286.836,624,22:31:37
23:31:59,1.393,-11.687,-3.137,97926.891,286.836,625,22:31:37
23:31:59,1.321,-11.744,-3.203,97926.891,286.836,626,22:31:37
23:31:59,1.248,-11.801,-3.269,97926.891,286.836,627,22:31:37
23:31:59,1.168,-11.851,-3.341,97926.891,286.836,628,22:31:37
23:31:59,1.081,-11.887,-3.412,97926.891,286.836,629,22:31:37
23:31:59,0.994,-11.909,-3.475,97926.891,286.836,630,22:31:37
23:31:59,0.908,-11.946,-3.539,97926.891,286.836,631,22:31:37
23:31:59,0.842,-11.982,-3.612,97926.891,286.836,632,22:31:37
23:31:59,0.767,-11.996,-3.698,97926.891,286.836,633,22:31:37
23:31:59,0.692,-11.997,-3.798,97926.891,286.836,634,22:31:37
23:31:59,0.614,-11.998,-3.927,97926.891,286.836,635,22:31:37
23:31:59,0.519,-12.006,-4.075,97926.891,286.836,636,22:31:37
23:31:59,0.436,-12.041,-4.24,97926.891,286.836,637,22:31:37
23:31:59,0.344,-12.105,-4.404,97926.891,286.836,638,22:31:37
23:31:59,0.157,-12.24,-4.762,97926.891,286.836,639,22:31:37
23:31:59,0.071,-12.305,-4.935,97926.891,286.836,640,22:31:37
23:31:59,-0.007,-12.355,-5.1,97926.891,286.836,641,22:31:37
23:31:59,-0.081,-12.384,-5.244,97926.891,286.836,642,22:31:37
23:31:59,-0.146,-12.42,-5.368,97926.891,286.836,643,22:31:37
23:31:59,-0.21,-12.45,-5.477,97926.891,286.836,644,22:31:37
23:31:59,-0.273,-12.458,-5.586,97926.891,286.836,645,22:31:37
23:31:59,-0.341,-12.46,-5.687,97926.891,286.836,646,22:31:37
23:31:59,-0.395,-12.455,-5.782,97926.891,286.836,647,22:31:37
23:31:59,-0.439,-12.448,-5.863,97926.891,286.836,648,22:31:37
23:31:59,-0.488,-12.443,-5.923,97926.891,286.836,649,22:31:37
23:31:59,-0.537,-12.445,-5.975,97926.891,286.836,650,22:31:37
23:31:59,-0.587,-12.475,-6.021,97926.891,286.836,651,22:31:37
23:31:59,-0.63,-12.519,-6.061,97926.891,286.836,652,22:31:37
23:31:59,-0.731,-12.628,-6.146,97926.891,286.836,653,22:31:37
23:31:59,-0.788,-12.659,-6.191,97926.891,286.836,654,22:31:37
23:31:59,-0.846,-12.689,-6.243,97926.891,286.836,655,22:31:37
23:31:59,-0.897,-12.726,-6.296,97926.891,286.836,656,22:31:37
23:31:59,-0.948,-12.798,-6.335,97926.891,286.836,657,22:31:37
23:31:59,-0.994,-12.899,-6.368,97926.891,286.836,658,22:31:37
23:31:59,-1.037,-12.978,-6.394,97926.891,286.836,659,22:31:37
23:31:59,-1.072,-13.029,-6.42,97926.891,286.836,660,22:31:37
23:31:59,-1.096,-13.051,-6.432,97926.891,286.836,661,22:31:37
23:31:59,-1.11,-13.066,-6.417,97926.891,286.836,662,22:31:37
23:31:59,-1.114,-13.073,-6.388,97926.891,286.836,663,22:31:37
23:31:59,-1.102,-13.066,-6.346,97926.891,286.836,664,22:31:37
23:31:59,-1.074,-13.037,-6.305,97926.891,286.836,665,22:31:37
23:31:59,-0.975,-12.907,-6.197,97926.891,286.836,666,22:31:37
23:31:59,-0.918,-12.813,-6.122,97926.891,286.836,667,22:31:37
23:31:59,-0.854,-12.727,-6.04,97926.891,286.836,668,22:31:37
23:31:59,-0.803,-12.641,-5.95,97926.891,286.836,669,22:31:37
23:31:59,-0.746,-12.555,-5.861,97926.891,286.836,670,22:31:37
23:31:59,-0.705,-12.476,-5.784,97926.891,286.836,671,22:31:37
23:31:59,-0.658,-12.419,-5.709,97926.891,286.836,672,22:31:37
23:31:59,-0.613,-12.382,-5.648,97926.891,286.836,673,22:31:37
23:31:59,-0.563,-12.352,-5.595,97926.891,286.836,674,22:31:37
23:31:59,-0.515,-12.358,-5.55,97926.891,286.836,675,22:31:37
23:31:59,-0.469,-12.362,-5.519,97926.891,286.836,676,22:31:37
23:31:59,-0.438,-12.368,-5.493,97926.891,286.836,677,22:31:37
23:31:59,-0.415,-12.374,-5.482,97926.891,286.836,678,22:31:37
23:31:59,-0.383,-12.367,-5.449,97926.891,286.836,679,22:31:37
23:31:59,-0.371,-12.346,-5.421,97926.891,286.836,680,22:31:37
23:31:59,-0.344,-12.324,-5.38,97926.891,286.836,681,22:31:37
23:31:59,-0.324,-12.302,-5.331,97926.891,286.836,682,22:31:37
23:31:59,-0.309,-12.26,-5.281,97926.891,286.836,683,22:31:37
23:31:59,-0.309,-12.226,-5.231,97926.891,286.836,684,22:31:37
23:31:59,-0.303,-12.219,-5.173,97926.891,286.836,685,22:31:37
23:31:59,-0.303,-12.22,-5.109,97926.891,286.836,686,22:31:37
23:31:59,-0.306,-12.227,-5.065,97926.891,286.836,687,22:31:37
23:31:59,-0.316,-12.228,-5.021,97926.891,286.836,688,22:31:37
23:31:59,-0.326,-12.208,-4.991,97926.891,286.836,689,22:31:37
23:31:59,-0.361,-12.119,-4.949,97926.891,286.836,690,22:31:37
23:31:59,-0.373,-12.085,-4.947,97926.891,286.836,691,22:31:37
23:31:59,-0.388,-12.077,-4.952,97926.891,286.895,692,22:31:37
23:31:59,-0.396,-12.064,-4.965,97926.562,286.864,693,22:31:37
23:31:59,-0.405,-12.043,-4.993,97926.562,286.864,694,22:31:37
23:31:59,-0.422,-12.015,-5.027,97926.562,286.864,695,22:31:37
23:31:59,-0.425,-11.994,-5.069,97926.562,286.864,696,22:31:37
23:31:59,-0.422,-11.986,-5.112,97926.562,286.864,697,22:31:37
23:31:59,-0.405,-11.985,-5.15,97926.562,286.864,698,22:31:37
23:31:59,-0.38,-11.991,-5.182,97926.562,286.864,699,22:31:37
23:31:59,-0.353,-11.983,-5.199,97926.562,286.864,700,22:31:37
23:31:59,-0.316,-11.974,-5.195,97926.562,286.864,701,22:31:38
23:31:59,-0.27,-11.944,-5.185,97926.562,286.864,702,22:31:38
23:31:59,-0.223,-11.9,-5.16,97926.562,286.864,703,22:31:38
23:31:59,-0.076,-11.825,-5.023,97926.562,286.864,704,22:31:38
23:31:59,0.023,-11.781,-4.917,97926.562,286.864,705,22:31:38
23:31:59,0.125,-11.708,-4.782,97926.562,286.864,706,22:31:38
23:31:59,0.244,-11.621,-4.635,97926.562,286.864,707,22:31:38
23:31:59,0.364,-11.535,-4.472,97926.562,286.864,708,22:31:38
23:32:00,0.499,-11.469,-4.298,97926.562,286.864,709,22:31:38
23:32:00,0.64,-11.432,-4.117,97926.562,286.864,710,22:31:38
23:32:00,0.773,-11.41,-3.944,97926.562,286.864,711,22:31:38
23:32:00,0.911,-11.387,-3.792,97926.562,286.864,712,22:31:38
23:32:00,1.037,-11.392,-3.676,97926.562,286.864,713,22:31:38
23:32:00,1.154,-11.404,-3.58,97926.562,286.864,714,22:31:38
23:32:00,1.261,-11.424,-3.505,97926.562,286.864,715,22:31:38
23:32:00,1.355,-11.43,-3.429,97926.562,286.864,716,22:31:38
23:32:00,1.435,-11.415,-3.35,97926.562,286.864,717,22:31:38
23:32:00,1.5,-11.38,-3.284,97926.562,286.864,718,22:31:38
23:32:00,1.535,-11.331,-3.229,97926.562,286.864,719,22:31:38
23:32:00,1.547,-11.282,-3.193,97926.562,286.864,720,22:31:38
23:32:00,1.525,-11.289,-3.191,97926.562,286.864,721,22:31:38
23:32:00,1.499,-11.353,-3.226,97926.562,286.864,722,22:31:38
23:32:00,1.471,-11.422,-3.275,97926.562,286.864,723,22:31:38
23:32:00,1.442,-11.485,-3.338,97926.562,286.864,724,22:31:38
23:32:00,1.406,-11.513,-3.4,97926.562,286.864,725,22:31:38
23:32:00,1.38,-11.52,-3.441,97926.562,286.864,726,22:31:38
23:32:00,1.347,-11.534,-3.488,97926.562,286.864,727,22:31:38
23:32:00,1.313,-11.562,-3.528,97926.562,286.864,728,22:31:38
23:32:00,1.291,-11.604,-3.592,97926.562,286.864,729,22:31:38
23:32:00,1.276,-11.666,-3.649,97926.562,286.864,730,22:31:38
23:32:00,1.269,-11.743,-3.701,97926.562,286.864,731,22:31:38
23:32:00,1.278,-11.826,-3.733,97926.562,286.864,732,22:31:38
23:32:00,1.332,-11.972,-3.736,97926.562,286.864,733,22:31:38
23:32:00,1.368,-12.034,-3.713,97926.562,286.864,734,22:31:38
23:32:00,1.415,-12.076,-3.676,97926.562,286.864,735,22:31:38
23:32:00,1.471,-12.09,-3.617,97926.562,286.864,736,22:31:38
23:32:00,1.544,-12.097,-3.539,97926.562,286.864,737,22:31:38
23:32:00,1.619,-12.111,-3.439,97926.562,286.864,738,22:31:38
23:32:00,1.696,-12.133,-3.318,97926.562,286.864,739,22:31:38
23:32:00,1.762,-12.148,-3.175,97926.562,286.864,740,22:31:38
23:32:00,1.813,-12.164,-3.029,97926.562,286.864,741,22:31:38
23:32:00,1.856,-12.174,-2.897,97926.562,286.864,742,22:31:38
23:32:00,1.892,-12.204,-2.758,97926.562,286.864,743,22:31:38
23:32:00,1.921,-12.228,-2.618,97926.734,286.85,744,22:31:38
23:32:00,1.961,-12.262,-2.313,97926.734,286.85,745,22:31:38
23:32:00,1.972,-12.266,-2.142,97926.734,286.85,746,22:31:38
23:32:00,1.969,-12.248,-1.975,97926.734,286.85,747,22:31:38
23:32:00,1.957,-12.224,-1.822,97926.734,286.85,748,22:31:38
23:32:00,1.928,-12.192,-1.696,97926.734,286.85,749,22:31:38
23:32:00,1.896,-12.166,-1.584,97926.734,286.85,750,22:31:38
23:32:00,1.87,-12.19,-1.495,97926.734,286.85,751,22:31:38
23:32:00,1.852,-12.269,-1.394,97926.734,286.85,752,22:31:38
23:32:00,1.847,-12.376,-1.302,97926.734,286.85,753,22:31:38
23:32:00,1.856,-12.511,-1.213,97926.734,286.85,754,22:31:38
23:32:00,1.873,-12.646,-1.131,97926.734,286.85,755,22:31:38
23:32:00,1.902,-12.767,-1.064,97926.734,286.85,756,22:31:38
23:32:00,1.989,-12.958,-0.992,97926.734,286.85,757,22:31:38
23:32:00,2.042,-13.036,-0.978,97926.734,286.85,758,22:31:38
23:32:00,2.086,-13.092,-0.977,97926.734,286.85,759,22:31:38
23:32:00,2.128,-13.155,-0.983,97926.734,286.85,760,22:31:38
23:32:00,2.156,-13.225,-0.995,97926.734,286.85,761,22:31:38
23:32:00,2.175,-13.287,-1.02,97926.734,286.85,762,22:31:38
23:32:00,2.179,-13.336,-1.051,97926.734,286.85,763,22:31:38
23:32:00,2.168,-13.392,-1.08,97926.734,286.85,764,22:31:38
23:32:00,2.164,-13.441,-1.117,97926.734,286.85,765,22:31:38
23:32:00,2.146,-13.489,-1.152,97926.734,286.85,766,22:31:38
23:32:00,2.133,-13.538,-1.195,97926.734,286.85,767,22:31:38
23:32:00,2.128,-13.593,-1.239,97926.734,286.85,768,22:31:38
23:32:00,2.125,-13.642,-1.269,97926.734,286.85,769,22:31:38
23:32:00,2.123,-13.67,-1.284,97926.734,286.85,770,22:31:38
23:32:00,2.106,-13.649,-1.303,97926.734,286.85,771,22:31:38
23:32:00,2.096,-13.662,-1.324,97926.734,286.85,772,22:31:38
23:32:00,2.1,-13.696,-1.347,97926.734,286.85,773,22:31:38
23:32:00,2.11,-13.745,-1.386,97926.734,286.85,774,22:31:38
23:32:00,2.121,-13.815,-1.418,97926.734,286.85,775,22:31:38
23:32:00,2.149,-13.871,-1.43,97926.734,286.85,776,22:31:38
23:32:00,2.172,-13.899,-1.419,97926.734,286.85,777,22:31:38
23:32:00,2.174,-13.899,-1.398,97926.734,286.85,778,22:31:38
23:32:00,2.171,-13.872,-1.368,97926.734,286.85,779,22:31:38
23:32:00,2.152,-13.81,-1.342,97926.734,286.85,780,22:31:38
23:32:00,2.139,-13.746,-1.331,97926.734,286.85,781,22:31:38
23:32:00,2.125,-13.683,-1.328,97926.734,286.85,782,22:31:38
23:32:00,2.116,-13.634,-1.341,97926.734,286.85,783,22:31:38
23:32:00,2.105,-13.619,-1.368,97926.734,286.85,784,22:31:38
23:32:00,2.085,-13.639,-1.417,97926.734,286.85,785,22:31:38
23:32:00,2.042,-13.673,-1.47,97926.734,286.85,786,22:31:38
23:32:00,1.886,-13.75,-1.628,97926.734,286.85,787,22:31:38
23:32:00,1.776,-13.791,-1.746,97926.734,286.85,788,22:31:38
23:32:00,1.658,-13.832,-1.885,97926.734,286.85,789,22:31:38
23:32:00,1.526,-13.887,-2.066,97926.734,286.85,790,22:31:38
23:32:00,1.368,-13.956,-2.288,97926.734,286.85,791,22:31:38
23:32:00,1.21,-14.045,-2.554,97926.734,286.85,792,22:31:38
23:32:00,1.052,-14.149,-2.821,97926.734,286.85,793,22:31:39
23:32:00,0.901,-14.233,-3.088,97926.734,286.85,794,22:31:39
23:32:00,0.751,-14.296,-3.34,97926.734,286.878,795,22:31:39
23:32:00,0.602,-14.359,-3.584,97926.406,286.878,796,22:31:39
23:32:00,0.458,-14.408,-3.851,97926.406,286.878,797,22:31:39
23:32:00,0.32,-14.437,-4.126,97926.406,286.878,798,22:31:39
23:32:00,0.181,-14.451,-4.415,97926.406,286.878,799,22:31:39
23:32:00,-0.052,-14.501,-4.918,97926.406,286.878,800,22:31:39
23:32:00,-0.118,-14.544,-5.079,97926.406,286.878,801,22:31:39
23:32:01,-0.152,-14.579,-5.163,97926.406,286.878,802,22:31:39
23:32:01,-0.174,-14.573,-5.167,97926.406,286.878,803,22:31:39
23:32:01,-0.194,-14.498,-5.119,97926.406,286.878,804,22:31:39
23:32:01,-0.215,-14.359,-5.047,97926.406,286.878,805,22:31:39
23:32:01,-0.223,-14.198,-4.991,97926.406,286.878,806,22:31:39
23:32:01,-0.232,-14.044,-4.942,97926.406,286.878,807,22:31:39
23:32:01,-0.228,-13.912,-4.896,97926.406,286.878,808,22:31:39
23:32:01,-0.208,-13.807,-4.823,97926.406,286.878,809,22:31:39
23:32:01,-0.178,-13.736,-4.716,97926.406,286.878,810,22:31:39
23:32:01,-0.137,-13.68,-4.574,97926.406,286.878,811,22:31:39
23:32:01,-0.102,-13.631,-4.418,97926.406,286.878,812,22:31:39
23:32:01,-0.04,-13.528,-4.118,97926.406,286.878,813,22:31:39
23:32:01,-0.018,-13.493,-4.004,97926.406,286.878,814,22:31:39
23:32:01,-0.008,-13.445,-3.932,97926.406,286.878,815,22:31:39
23:32:01,-0.033,-13.368,-3.92,97926.406,286.878,816,22:31:39
23:32:01,-0.071,-13.284,-3.958,97926.406,286.878,817,22:31:39
23:32:01,-0.113,-13.207,-4.031,97926.406,286.878,818,22:31:39
23:32:01,-0.179,-13.124,-4.123,97926.406,286.878,819,22:31:39
23:32:01,-0.268,-13.035,-4.234,97926.406,286.878,820,22:31:39
23:32:01,-0.371,-12.954,-4.344,97926.406,286.878,821,22:31:39
23:32:01,-0.504,-12.887,-4.457,97926.406,286.878,822,22:31:39
23:32:01,-0.652,-12.863,-4.57,97926.406,286.878,823,22:31:39
23:32:01,-0.801,-12.883,-4.669,97926.406,286.878,824,22:31:39
23:32:01,-0.958,-12.917,-4.768,97926.406,286.878,825,22:31:39
23:32:01,-1.107,-12.958,-4.86,97926.406,286.878,826,22:31:39
23:32:01,-1.259,-13.012,-4.973,97926.406,286.878,827,22:31:39
23:32:01,-1.485,-13.078,-5.158,97926.406,286.878,828,22:31:39
23:32:01,-1.572,-13.11,-5.214,97926.406,286.878,829,22:31:39
23:32:01,-1.626,-13.147,-5.23,97926.406,286.878,830,22:31:39
23:32:01,-1.667,-13.191,-5.189,97926.406,286.878,831,22:31:39
23:32:01,-1.684,-13.241,-5.123,97926.406,286.878,832,22:31:39
23:32:01,-1.69,-13.304,-5.029,97926.406,286.878,833,22:31:39
23:32:01,-1.692,-13.403,-4.935,97926.406,286.878,834,22:31:39
23:32:01,-1.695,-13.508,-4.856,97926.406,286.878,835,22:31:39
23:32:01,-1.692,-13.614,-4.786,97926.406,286.878,836,22:31:39
23:32:01,-1.683,-13.719,-4.73,97926.406,286.878,837,22:31:39
23:32:01,-1.663,-13.795,-4.653,97926.406,286.878,838,22:31:39
23:32:01,-1.624,-13.843,-4.549,97926.406,286.878,839,22:31:39
23:32:01,-1.588,-13.877,-4.423,97926.406,286.878,840,22:31:39
23:32:01,-1.532,-13.966,-4.17,97926.406,286.878,841,22:31:39
23:32:01,-1.526,-14.072,-4.077,97926.406,286.878,842,22:31:39
23:32:01,-1.523,-14.24,-3.999,97926.406,286.878,843,22:31:39
23:32:01,-1.525,-14.423,-3.957,97926.406,286.878,844,22:31:39
23:32:01,-1.528,-14.564,-3.936,97926.406,286.878,845,22:31:39
23:32:01,-1.539,-14.691,-3.921,97926.406,286.878,846,22:31:39
23:32:01,-1.556,-14.783,-3.913,97926.258,286.89,847,22:31:39
23:32:01,-1.587,-14.834,-3.909,97926.258,286.89,848,22:31:39
23:32:01,-1.629,-14.828,-3.897,97926.258,286.89,849,22:31:39
23:32:01,-1.683,-14.794,-3.875,97926.258,286.89,850,22:31:39
23:32:01,-1.756,-14.741,-3.843,97926.258,286.89,851,22:31:39
23:32:01,-1.941,-14.62,-3.847,97926.258,286.89,852,22:31:39
23:32:01,-2.058,-14.603,-3.919,97926.258,286.89,853,22:31:39
23:32:01,-2.165,-14.635,-4.008,97926.258,286.89,854,22:31:39
23:32:01,-2.259,-14.695,-4.091,97926.258,286.89,855,22:31:39
23:32:01,-2.353,-14.727,-4.137,97926.258,286.89,856,22:31:39
23:32:01,-2.441,-14.716,-4.141,97926.258,286.89,857,22:31:39
23:32:01,-2.541,-14.656,-4.098,97926.258,286.89,858,22:31:39
23:32:01,-2.651,-14.54,-4.033,97926.258,286.89,859,22:31:39
23:32:01,-2.772,-14.41,-3.945,97926.258,286.89,860,22:31:39
23:32:01,-2.9,-14.294,-3.856,97926.258,286.89,861,22:31:39
23:32:01,-3.026,-14.227,-3.782,97926.258,286.89,862,22:31:39
23:32:01,-3.142,-14.202,-3.732,97926.258,286.89,863,22:31:39
23:32:01,-3.24,-14.219,-3.697,97926.258,286.89,864,22:31:39
23:32:01,-3.302,-14.262,-3.653,97926.258,286.89,865,22:31:39
23:32:01,-3.355,-14.431,-3.485,97926.258,286.89,866,22:31:39
23:32:01,-3.357,-14.52,-3.353,97926.258,286.89,867,22:31:39
23:32:01,-3.355,-14.587,-3.2,97926.258,286.89,868,22:31:39
23:32:01,-3.362,-14.655,-3.052,97926.258,286.89,869,22:31:39
23:32:01,-3.382,-14.703,-2.904,97926.258,286.89,870,22:31:39
23:32:01,-3.4,-14.715,-2.755,97926.258,286.89,871,22:31:39
23:32:01,-3.41,-14.733,-2.608,97926.258,286.89,872,22:31:39
23:32:01,-3.412,-14.737,-2.447,97926.258,286.89,873,22:31:39
23:32:01,-3.41,-14.733,-2.265,97926.258,286.89,874,22:31:39
23:32:01,-3.4,-14.715,-2.07,97926.258,286.89,875,22:31:39
23:32:01,-3.389,-14.689,-1.875,97926.258,286.89,876,22:31:39
23:32:01,-3.371,-14.657,-1.688,97926.258,286.89,877,22:31:39
23:32:01,-3.355,-14.624,-1.508,97926.258,286.89,878,22:31:39
23:32:01,-3.34,-14.631,-1.211,97926.258,286.89,879,22:31:39
23:32:01,-3.341,-14.678,-1.101,97926.258,286.89,880,22:31:39
23:32:01,-3.353,-14.754,-1.003,97926.258,286.89,881,22:31:39
23:32:01,-3.359,-14.829,-0.92,97926.258,286.89,882,22:31:39
23:32:01,-3.351,-14.89,-0.847,97926.258,286.89,883,22:31:39
23:32:01,-3.351,-14.931,-0.78,97926.258,286.89,884,22:31:39
23:32:01,-3.358,-14.958,-0.72,97926.258,286.89,885,22:31:39
23:32:01,-3.367,-14.971,-0.675,97926.258,286.89,886,22:31:40
23:32:01,-3.391,-14.991,-0.628,97926.258,286.89,887,22:31:40
23:32:01,-3.415,-15.019,-0.587,97926.258,286.89,888,22:31:40
23:32:01,-3.441,-15.039,-0.554,97926.258,286.89,889,22:31:40
23:32:01,-3.481,-15.045,-0.527,97926.258,286.89,890,22:31:40
23:32:01,-3.528,-15.039,-0.492,97926.258,286.89,891,22:31:40
23:32:01,-3.59,-15.024,-0.469,97926.258,286.89,892,22:31:40
23:32:02,-3.728,-15.039,-0.465,97926.258,286.89,893,22:31:40
23:32:02,-3.812,-15.047,-0.483,97926.258,286.89,894,22:31:40
23:32:02,-3.897,-15.077,-0.515,97926.258,286.89,895,22:31:40
23:32:02,-3.965,-15.143,-0.577,97926.258,286.89,896,22:31:40
23:32:02,-4.022,-15.245,-0.654,97926.258,286.875,897,22:31:40
23:32:02,-4.061,-15.375,-0.755,97926.438,286.875,898,22:31:40
23:32:02,-4.081,-15.52,-0.873,97926.438,286.875,899,22:31:40
23:32:02,-4.094,-15.672,-0.984,97926.438,286.875,900,22:31:40
23:32:02,-4.089,-15.809,-1.077,97926.438,286.875,901,22:31:40
23:32:02,-4.088,-15.903,-1.148,97926.438,286.875,902,22:31:40
23:32:02,-4.091,-15.954,-1.212,97926.438,286.875,903,22:31:40
23:32:02,-4.113,-16.059,-1.398,97926.438,286.875,904,22:31:40
23:32:02,-4.122,-16.146,-1.49,97926.438,286.875,905,22:31:40
23:32:02,-4.127,-16.247,-1.553,97926.438,286.875,906,22:31:40
23:32:02,-4.137,-16.34,-1.601,97926.438,286.875,907,22:31:40
23:32:02,-4.164,-16.405,-1.618,97926.438,286.875,908,22:31:40
23:32:02,-4.199,-16.426,-1.597,97926.438,286.875,909,22:31:40
23:32:02,-4.246,-16.42,-1.62,97926.438,286.875,910,22:31:40
23:32:02,-4.285,-16.394,-1.645,97926.438,286.875,911,22:31:40
23:32:02,-4.289,-16.379,-1.622,97926.438,286.875,912,22:31:40
23:32:02,-4.284,-16.364,-1.594,97926.438,286.875,913,22:31:40
23:32:02,-4.283,-16.299,-1.551,97926.438,286.875,914,22:31:40
23:32:02,-4.318,-16.065,-1.501,97926.438,286.875,915,22:31:40
23:32:02,-4.354,-16.002,-1.512,97926.438,286.875,916,22:31:40
23:32:02,-4.379,-16.011,-1.53,97926.438,286.875,917,22:31:40
23:32:02,-4.411,-16.039,-1.54,97926.438,286.875,918,22:31:40
23:32:02,-4.432,-16.061,-1.529,97926.438,286.875,919,22:31:40
23:32:02,-4.43,-16.081,-1.507,97926.438,286.875,920,22:31:40
23:32:02,-4.407,-16.081,-1.503,97926.438,286.875,921,22:31:40
23:32:02,-4.379,-16.067,-1.514,97926.438,286.875,922,22:31:40
23:32:02,-4.355,-16.039,-1.562,97926.438,286.875,923,22:31:40
23:32:02,-4.342,-16.006,-1.638,97926.438,286.875,924,22:31:40
23:32:02,-4.354,-15.96,-1.734,97926.438,286.875,925,22:31:40
23:32:02,-4.379,-15.913,-1.827,97926.438,286.875,926,22:31:40
23:32:02,-4.411,-15.888,-1.904,97926.438,286.875,927,22:31:40
23:32:02,-4.468,-15.85,-2.014,97926.438,286.875,928,22:31:40
23:32:02,-4.495,-15.845,-2.054,97926.438,286.875,929,22:31:40
23:32:02,-4.535,-15.804,-2.094,97926.438,286.875,930,22:31:40
23:32:02,-4.582,-15.731,-2.192,97926.438,286.875,931,22:31:40
23:32:02,-4.638,-15.688,-2.354,97926.438,286.875,932,22:31:40
23:32:02,-4.682,-15.667,-2.583,97926.438,286.875,933,22:31:40
23:32:02,-4.734,-15.691,-2.847,97926.438,286.875,934,22:31:40
23:32:02,-4.795,-15.77,-3.115,97926.438,286.875,935,22:31:40
23:32:02,-4.849,-15.885,-3.356,97926.438,286.875,936,22:31:40
23:32:02,-4.906,-16.019,-3.558,97926.438,286.875,937,22:31:40
23:32:02,-4.957,-16.145,-3.718,97926.438,286.875,938,22:31:40
23:32:02,-4.995,-16.227,-3.851,97926.438,286.875,939,22:31:40
23:32:02,-5.014,-16.273,-3.972,97926.438,286.875,940,22:31:40
23:32:02,-5.035,-16.299,-4.109,97926.438,286.875,941,22:31:40
23:32:02,-5.031,-16.27,-4.36,97926.438,286.875,942,22:31:40
23:32:02,-5.011,-16.25,-4.437,97926.438,286.875,943,22:31:40
23:32:02,-4.982,-16.242,-4.442,97926.438,286.875,944,22:31:40
23:32:02,-4.947,-16.21,-4.366,97926.438,286.875,945,22:31:40
23:32:02,-4.901,-16.121,-4.226,97926.438,286.875,946,22:31:40
23:32:02,-4.845,-15.994,-4.037,97926.438,286.875,947,22:31:40
23:32:02,-4.764,-15.852,-3.83,97926.438,286.875,948,22:31:40
23:32:02,-4.676,-15.702,-3.617,97926.43,286.876,949,22:31:40
23:32:02,-4.584,-15.567,-3.427,97926.43,286.876,950,22:31:40
23:32:02,-4.493,-15.469,-3.265,97926.43,286.876,951,22:31:40
23:32:02,-4.385,-15.391,-3.09,97926.43,286.876,952,22:31:40
23:32:02,-4.266,-15.304,-2.881,97926.43,286.876,953,22:31:40
23:32:02,-4.142,-15.19,-2.644,97926.43,286.876,954,22:31:40
23:32:02,-3.877,-14.987,-2.127,97926.43,286.876,955,22:31:40
23:32:02,-3.752,-14.893,-1.868,97926.43,286.876,956,22:31:40
23:32:02,-3.652,-14.815,-1.619,97926.43,286.876,957,22:31:40
23:32:02,-3.562,-14.731,-1.392,97926.43,286.876,958,22:31:40
23:32:02,-3.491,-14.633,-1.199,97926.43,286.876,959,22:31:40
23:32:02,-3.425,-14.509,-1.05,97926.43,286.876,960,22:31:40
23:32:02,-3.349,-14.371,-0.939,97926.43,286.876,961,22:31:40
23:32:02,-3.28,-14.249,-0.877,97926.43,286.876,962,22:31:40
23:32:02,-3.2,-14.177,-0.831,97926.43,286.876,963,22:31:40
23:32:02,-3.131,-14.133,-0.811,97926.43,286.876,964,22:31:40
23:32:02,-3.048,-14.118,-0.793,97926.43,286.876,965,22:31:40
23:32:02,-2.968,-14.152,-0.787,97926.43,286.876,966,22:31:40
23:32:02,-2.884,-14.215,-0.797,97926.43,286.876,967,22:31:40
23:32:02,-2.806,-14.264,-0.805,97926.43,286.876,968,22:31:40
23:32:02,-2.685,-14.256,-0.828,97926.43,286.876,969,22:31:40
23:32:02,-2.646,-14.235,-0.87,97926.43,286.876,970,22:31:40
23:32:02,-2.608,-14.222,-0.911,97926.43,286.876,971,22:31:40
23:32:02,-2.553,-14.193,-0.947,97926.43,286.876,972,22:31:40
23:32:02,-2.496,-14.151,-0.962,97926.43,286.876,973,22:31:40
23:32:02,-2.452,-14.066,-0.976,97926.43,286.876,974,22:31:40
23:32:02,-2.422,-13.932,-0.989,97926.43,286.876,975,22:31:40
23:32:02,-2.389,-13.776,-0.988,97926.43,286.876,976,22:31:40
23:32:02,-2.37,-13.622,-0.971,97926.43,286.876,977,22:31:40
23:32:02,-2.354,-13.445,-0.925,97926.43,286.876,978,22:31:40
23:32:02,-2.349,-13.239,-0.863,97926.43,286.876,979,22:31:41
23:32:02,-2.364,-12.766,-0.746,97926.43,286.876,980,22:31:41
23:32:02,-2.38,-12.519,-0.734,97926.43,286.876,981,22:31:41
23:32:02,-2.38,-12.323,-0.766,97926.43,286.876,982,22:31:41
23:32:02,-2.345,-12.168,-0.808,97926.43,286.876,983,22:31:41
23:32:02,-2.29,-12.028,-0.852,97926.43,286.876,984,22:31:41
23:32:02,-2.235,-11.881,-0.903,97926.43,286.876,985,22:31:41
23:32:02,-2.19,-11.719,-0.982,97926.43,286.876,986,22:31:41
23:32:03,-2.156,-11.58,-1.102,97926.43,286.876,987,22:31:41
23:32:03,-2.119,-11.505,-1.243,97926.43,286.876,988,22:31:41
23:32:03,-2.089,-11.471,-1.383,97926.43,286.876,989,22:31:41
23:32:03,-2.034,-11.426,-1.697,97926.43,286.876,990,22:31:41
23:32:03,-1.981,-11.406,-1.896,97926.43,286.876,991,22:31:41
23:32:03,-1.912,-11.364,-2.083,97926.43,286.876,992,22:31:41
23:32:03,-1.841,-11.274,-2.255,97926.43,286.876,993,22:31:41
23:32:03,-1.775,-11.155,-2.42,97926.43,286.876,994,22:31:41
23:32:03,-1.717,-11.063,-2.591,97926.43,286.876,995,22:31:41
23:32:03,-1.655,-11.07,-2.761,97926.43,286.876,996,22:31:41
23:32:03,-1.575,-11.132,-2.876,97926.43,286.876,997,22:31:41
23:32:03,-1.482,-11.214,-2.921,97926.43,286.876,998,22:31:41
23:32:03,-1.382,-11.268,-2.91,97926.43,286.876,999,22:31:41
23:32:03,-1.294,-11.308,-2.875,97926.961,286.831,1000,22:31:41
23:32:03,-1.21,-11.333,-2.812,97926.961,286.831,1001,22:31:41
23:32:03,-1.12,-11.352,-2.764,97926.961,286.831,1002,22:31:41
23:32:03,-1.043,-11.336,-2.714,97926.961,286.831,1003,22:31:41
23:32:03,-0.862,-11.184,-2.588,97926.961,286.831,1004,22:31:41
23:32:03,-0.767,-11.07,-2.525,97926.961,286.831,1005,22:31:41
23:32:03,-0.667,-10.984,-2.477,97926.961,286.831,1006,22:31:41
23:32:03,-0.547,-10.946,-2.424,97926.961,286.831,1007,22:31:41
23:32:03,-0.427,-10.937,-2.364,97926.961,286.831,1008,22:31:41
23:32:03,-0.321,-10.913,-2.309,97926.961,286.831,1009,22:31:41
23:32:03,-0.244,-10.863,-2.266,97926.961,286.831,1010,22:31:41
23:32:03,-0.17,-10.827,-2.244,97926.961,286.831,1011,22:31:41
23:32:03,-0.088,-10.846,-2.202,97926.961,286.831,1012,22:31:41
23:32:03,-0.003,-10.901,-2.132,97926.961,286.831,1013,22:31:41
23:32:03,0.104,-10.977,-2.043,97926.961,286.831,1014,22:31:41
23:32:03,0.226,-11.039,-1.955,97926.961,286.831,1015,22:31:41
23:32:03,0.36,-11.107,-1.89,97926.961,286.831,1016,22:31:41
23:32:03,0.497,-11.19,-1.869,97926.961,286.831,1017,22:31:41
23:32:03,0.756,-11.488,-1.891,97926.961,286.831,1018,22:31:41
23:32:03,0.88,-11.696,-1.921,97926.961,286.831,1019,22:31:41
23:32:03,0.974,-11.891,-1.963,97926.961,286.831,1020,22:31:41
23:32:03,1.029,-12.003,-1.978,97926.961,286.831,1021,22:31:41
23:32:03,1.069,-12.016,-2.004,97926.961,286.831,1022,22:31:41
23:32:03,1.102,-11.98,-2.036,97926.961,286.831,1023,22:31:41
23:32:03,1.143,-11.915,-2.06,97926.961,286.831,1024,22:31:41
23:32:03,1.199,-11.801,-2.085,97926.961,286.831,1025,22:31:41
23:32:03,1.257,-11.639,-2.102,97926.961,286.831,1026,22:31:41
23:32:03,1.313,-11.476,-2.134,97926.961,286.831,1027,22:31:41
23:32:03,1.378,-11.32,-2.144,97926.961,286.831,1028,22:31:41
23:32:03,1.488,-11.086,-2.15,97926.961,286.831,1029,22:31:41
23:32:03,1.545,-11.049,-2.155,97926.961,286.831,1030,22:31:41
23:32:03,1.611,-11.084,-2.14,97926.961,286.831,1031,22:31:41
23:32:03,1.679,-11.14,-2.098,97926.961,286.831,1032,22:31:41
23:32:03,1.737,-11.21,-2.084,97926.961,286.831,1033,22:31:41
23:32:03,1.791,-11.257,-2.112,97926.961,286.831,1034,22:31:41
23:32:03,1.831,-11.289,-2.203,97926.961,286.831,1035,22:31:41
23:32:03,1.887,-11.287,-2.294,97926.961,286.831,1036,22:31:41
23:32:03,1.941,-11.276,-2.4,97926.961,286.831,1037,22:31:41
23:32:03,1.994,-11.294,-2.513,97926.961,286.831,1038,22:31:41
23:32:03,2.031,-11.353,-2.633,97926.961,286.831,1039,22:31:41
23:32:03,2.062,-11.421,-2.746,97926.961,286.831,1040,22:31:41
23:32:03,2.112,-11.54,-3.013,97926.961,286.831,1041,22:31:41
23:32:03,2.14,-11.584,-3.154,97926.961,286.831,1042,22:31:41
23:32:03,2.184,-11.594,-3.288,97926.961,286.831,1043,22:31:41
23:32:03,2.239,-11.583,-3.379,97926.961,286.831,1044,22:31:41
23:32:03,2.294,-11.536,-3.477,97926.961,286.831,1045,22:31:41
23:32:03,2.332,-11.433,-3.613,97926.961,286.831,1046,22:31:41
23:32:03,2.371,-11.287,-3.756,97926.961,286.831,1047,22:31:41
23:32:03,2.403,-11.163,-3.891,97926.961,286.831,1048,22:31:41
23:32:03,2.46,-11.074,-3.993,97926.961,286.831,1049,22:31:41
23:32:03,2.528,-11.014,-4.041,97926.961,286.831,1050,22:31:41
23:32:03,2.6,-10.941,-4.052,97927.508,286.784,1051,22:31:41
23:32:03,2.675,-10.848,-4.034,97927.508,286.784,1052,22:31:41
23:32:03,2.76,-10.72,-4.001,97927.508,286.784,1053,22:31:41
23:32:03,2.853,-10.585,-3.955,97927.508,286.784,1054,22:31:41
23:32:03,2.949,-10.459,-3.88,97927.508,286.784,1055,22:31:41
23:32:03,3.14,-10.152,-3.656,97927.508,286.784,1056,22:31:41
23:32:03,3.232,-10.049,-3.524,97927.508,286.784,1057,22:31:41
23:32:03,3.325,-9.988,-3.373,97927.508,286.784,1058,22:31:41
23:32:03,3.433,-9.935,-3.209,97927.508,286.784,1059,22:31:41
23:32:03,3.526,-9.84,-3.056,97927.508,286.784,1060,22:31:41
23:32:03,3.624,-9.723,-2.931,97927.508,286.784,1061,22:31:41
23:32:03,3.719,-9.591,-2.834,97927.508,286.784,1062,22:31:41
23:32:03,3.811,-9.494,-2.767,97927.508,286.784,1063,22:31:41
23:32:03,3.909,-9.445,-2.716,97927.508,286.784,1064,22:31:41
23:32:03,4.013,-9.43,-2.667,97927.508,286.784,1065,22:31:41
23:32:03,4.126,-9.446,-2.591,97927.508,286.784,1066,22:31:41
23:32:03,4.244,-9.473,-2.538,97927.508,286.784,1067,22:31:41
23:32:03,4.354,-9.522,-2.507,97927.508,286.784,1068,22:31:41
23:32:03,4.577,-9.537,-2.398,97927.508,286.784,1069,22:31:41
23:32:03,4.679,-9.487,-2.362,97927.508,286.784,1070,22:31:41
23:32:03,4.788,-9.43,-2.339,97927.508,286.784,1071,22:31:41
23:32:03,4.89,-9.352,-2.323,97927.508,286.784,1072,22:31:42
23:32:03,4.988,-9.265,-2.348,97927.508,286.784,1073,22:31:42
23:32:03,5.09,-9.226,-2.397,97927.508,286.784,1074,22:31:42
23:32:03,5.178,-9.215,-2.453,97927.508,286.784,1075,22:31:42
23:32:03,5.259,-9.211,-2.502,97927.508,286.784,1076,22:31:42
23:32:03,5.326,-9.214,-2.558,97927.508,286.784,1077,22:31:42
23:32:03,5.385,-9.188,-2.618,97927.508,286.784,1078,22:31:42
23:32:03,5.421,-9.156,-2.705,97927.508,286.784,1079,22:31:42
23:32:04,5.456,-9.136,-2.799,97927.508,286.784,1080,22:31:42
23:32:04,5.498,-9.137,-2.895,97927.508,286.784,1081,22:31:42
23:32:04,5.535,-9.132,-2.969,97927.508,286.784,1082,22:31:42
23:32:04,5.608,-9.106,-3.038,97927.508,286.784,1083,22:31:42
23:32:04,5.646,-9.079,-3.011,97927.508,286.784,1084,22:31:42
23:32:04,5.693,-9.01,-2.961,97927.508,286.784,1085,22:31:42
23:32:04,5.734,-8.914,-2.901,97927.508,286.784,1086,22:31:42
23:32:04,5.766,-8.846,-2.85,97927.508,286.784,1087,22:31:42
23:32:04,5.792,-8.806,-2.8,97927.508,286.784,1088,22:31:42
23:32:04,5.803,-8.787,-2.75,97927.508,286.784,1089,22:31:42
23:32:04,5.821,-8.783,-2.701,97927.508,286.784,1090,22:31:42
23:32:04,5.848,-8.786,-2.632,97927.508,286.784,1091,22:31:42
23:32:04,5.896,-8.782,-2.558,97927.508,286.784,1092,22:31:42
23:32:04,5.947,-8.752,-2.46,97927.508,286.784,1093,22:31:42
23:32:04,6.005,-8.665,-2.353,97927.508,286.784,1094,22:31:42
23:32:04,6.063,-8.558,-2.237,97927.508,286.784,1095,22:31:42
23:32:04,6.128,-8.451,-2.129,97927.508,286.784,1096,22:31:42
23:32:04,6.258,-8.266,-1.894,97927.508,286.784,1097,22:31:42
23:32:04,6.321,-8.221,-1.81,97927.508,286.784,1098,22:31:42
23:32:04,6.384,-8.211,-1.722,97927.508,286.784,1099,22:31:42
23:32:04,6.44,-8.187,-1.639,97927.508,286.784,1100,22:31:42
23:32:04,6.482,-8.136,-1.554,97927.508,286.784,1101,22:31:42
23:32:04,6.529,-8.07,-1.475,97927.508,286.784,1102,22:31:42
23:32:04,6.593,-7.998,-1.369,97927.688,286.768,1103,22:31:42
23:32:04,6.67,-7.899,-1.262,97927.688,286.768,1104,22:31:42
23:32:04,6.747,-7.777,-1.175,97927.688,286.768,1105,22:31:42
23:32:04,6.805,-7.667,-1.123,97927.688,286.768,1106,22:31:42
23:32:04,6.878,-7.592,-1.087,97927.688,286.768,1107,22:31:42
23:32:04,6.951,-7.531,-1.046,97927.688,286.768,1108,22:31:42
23:32:04,7.01,-7.471,-0.996,97927.688,286.768,1109,22:31:42
23:32:04,7.068,-7.416,-0.954,97927.688,286.768,1110,22:31:42
23:32:04,7.106,-7.37,-0.904,97927.688,286.768,1111,22:31:42
23:32:04,7.152,-7.318,-0.84,97927.688,286.768,1112,22:31:42
23:32:04,7.199,-7.266,-0.769,97927.688,286.768,1113,22:31:42
23:32:04,7.245,-7.207,-0.698,97927.688,286.768,1114,22:31:42
23:32:04,7.323,-7.091,-0.539,97927.688,286.768,1115,22:31:42
23:32:04,7.342,-7.013,-0.45,97927.688,286.768,1116,22:31:42
23:32:04,7.359,-6.919,-0.375,97927.688,286.768,1117,22:31:42
23:32:04,7.368,-6.832,-0.306,97927.688,286.768,1118,22:31:42
23:32:04,7.378,-6.765,-0.253,97927.688,286.768,1119,22:31:42
23:32:04,7.401,-6.727,-0.195,97927.688,286.768,1120,22:31:42
23:32:04,7.439,-6.682,-0.131,97927.688,286.768,1121,22:31:42
23:32:04,7.47,-6.615,-0.079,97927.688,286.768,1122,22:31:42
23:32:04,7.506,-6.54,-0.048,97927.688,286.768,1123,22:31:42
23:32:04,7.54,-6.451,-0.016,97927.688,286.768,1124,22:31:42
23:32:04,7.569,-6.362,0.017,97927.688,286.768,1125,22:31:42
23:32:04,7.605,-6.287,0.048,97927.688,286.768,1126,22:31:42
23:32:04,7.626,-6.226,0.079,97927.688,286.768,1127,22:31:42
23:32:04,7.687,-6.142,0.187,97927.688,286.768,1128,22:31:42
23:32:04,7.725,-6.098,0.266,97927.688,286.768,1129,22:31:42
23:32:04,7.757,-6.02,0.354,97927.688,286.768,1130,22:31:42
23:32:04,7.781,-5.935,0.436,97927.688,286.768,1131,22:31:42
23:32:04,7.796,-5.855,0.511,97927.688,286.768,1132,22:31:42
23:32:04,7.805,-5.789,0.571,97927.688,286.768,1133,22:31:42
23:32:04,7.813,-5.722,0.618,97927.688,286.768,1134,22:31:42
23:32:04,7.805,-5.674,0.628,97927.688,286.768,1135,22:31:42
23:32:04,7.797,-5.645,0.616,97927.688,286.768,1136,22:31:42
23:32:04,7.788,-5.615,0.591,97927.688,286.768,1137,22:31:42
23:32:04,7.793,-5.593,0.578,97927.688,286.768,1138,22:31:42
23:32:04,7.8,-5.586,0.571,97927.688,286.768,1139,22:31:42
23:32:04,7.822,-5.573,0.578,97927.688,286.768,1140,22:31:42
23:32:04,7.836,-5.546,0.593,97927.688,286.768,1141,22:31:42
23:32:04,7.878,-5.451,0.647,97927.688,286.768,1142,22:31:42
23:32:04,7.906,-5.397,0.67,97927.688,286.768,1143,22:31:42
23:32:04,7.926,-5.348,0.672,97927.688,286.768,1144,22:31:42
23:32:04,7.967,-5.333,0.65,97927.688,286.768,1145,22:31:42
23:32:04,8.009,-5.338,0.62,97927.688,286.768,1146,22:31:42
23:32:04,8.056,-5.343,0.589,97927.688,286.768,1147,22:31:42
23:32:04,8.099,-5.35,0.58,97927.688,286.768,1148,22:31:42
23:32:04,8.143,-5.327,0.65,97927.688,286.768,1149,22:31:42
23:32:04,8.172,-5.282,0.694,97927.688,286.768,1150,22:31:42
23:32:04,8.193,-5.241,0.71,97927.688,286.768,1151,22:31:42
23:32:04,8.214,-5.2,0.719,97927.688,286.768,1152,22:31:42
23:32:04,8.235,-5.165,0.72,97927.688,286.768,1153,22:31:42
23:32:04,8.255,-5.136,0.707,97927.844,286.755,1154,22:31:42
23:32:04,8.281,-5.12,0.672,97927.844,286.755,1155,22:31:42
23:32:04,8.307,-5.104,0.644,97927.844,286.755,1156,22:31:42
23:32:04,8.336,-5.09,0.637,97927.844,286.755,1157,22:31:42
23:32:04,8.342,-5.067,0.617,97927.844,286.755,1158,22:31:42
23:32:04,8.333,-5.052,0.604,97927.844,286.755,1159,22:31:42
23:32:04,8.311,-5.038,0.599,97927.844,286.755,1160,22:31:42
23:32:04,8.311,-5.003,0.609,97927.844,286.755,1161,22:31:42
23:32:04,8.325,-4.968,0.603,97927.844,286.755,1162,22:31:42
23:32:04,8.338,-4.946,0.59,97927.844,286.755,1163,22:31:42
23:32:04,8.373,-4.967,0.587,97927.844,286.755,1164,22:31:42
23:32:04,8.409,-4.982,0.599,97927.844,286.755,1165,22:31:42
23:32:04,8.445,-4.984,0.625,97927.844,286.755,1166,22:31:43
23:32:04,8.474,-4.967,0.668,97927.844,286.755,1167,22:31:43
23:32:04,8.497,-4.936,0.725,97927.844,286.755,1168,22:31:43
23:32:04,8.507,-4.914,0.804,97927.844,286.755,1169,22:31:43
23:32:04,8.517,-4.892,0.896,97927.844,286.755,1170,22:31:43
23:32:04,8.527,-4.866,1.011,97927.844,286.755,1171,22:31:43
23:32:04,8.554,-4.84,1.124,97927.844,286.755,1172,22:31:43
23:32:04,8.578,-4.82,1.237,97927.844,286.755,1173,22:31:43
23:32:05,8.649,-4.774,1.456,97927.844,286.755,1174,22:31:43
23:32:05,8.672,-4.76,1.541,97927.844,286.755,1175,22:31:43
23:32:05,8.688,-4.724,1.62,97927.844,286.755,1176,22:31:43
23:32:05,8.689,-4.679,1.68,97927.844,286.755,1177,22:31:43
23:32:05,8.69,-4.668,1.723,97927.844,286.755,1178,22:31:43
23:32:05,8.684,-4.664,1.758,97927.844,286.755,1179,22:31:43
23:32:05,8.664,-4.631,1.79,97927.844,286.755,1180,22:31:43
23:32:05,8.649,-4.611,1.82,97927.844,286.755,1181,22:31:43
23:32:05,8.636,-4.605,1.835,97927.844,286.755,1182,22:31:43
23:32:05,8.622,-4.592,1.857,97927.844,286.755,1183,22:31:43
23:32:05,8.622,-4.586,1.865,97927.844,286.755,1184,22:31:43
23:32:05,8.622,-4.579,1.859,97927.844,286.755,1185,22:31:43
23:32:05,8.629,-4.593,1.857,97927.844,286.755,1186,22:31:43
23:32:05,8.65,-4.607,1.862,97927.844,286.755,1187,22:31:43
23:32:05,8.667,-4.63,1.874,97927.844,286.755,1188,22:31:43
23:32:05,8.688,-4.645,1.886,97927.844,286.755,1189,22:31:43
23:32:05,8.732,-4.668,1.897,97927.844,286.755,1190,22:31:43
23:32:05,8.746,-4.689,1.895,97927.844,286.755,1191,22:31:43
23:32:05,8.753,-4.702,1.887,97927.844,286.755,1192,22:31:43
23:32:05,8.76,-4.716,1.878,97927.844,286.755,1193,22:31:43
23:32:05,8.76,-4.742,1.848,97927.844,286.755,1194,22:31:43
23:32:05,8.766,-4.767,1.811,97927.844,286.755,1195,22:31:43
23:32:05,8.774,-4.8,1.773,97927.844,286.755,1196,22:31:43
23:32:05,8.793,-4.818,1.729,97927.844,286.755,1197,22:31:43
23:32:05,8.82,-4.849,1.676,97927.844,286.755,1198,22:31:43
23:32:05,8.848,-4.902,1.622,97927.844,286.755,1199,22:31:43
23:32:05,8.882,-4.955,1.574,97927.844,286.755,1200,22:31:43
23:32:05,8.911,-5.002,1.534,97927.844,286.755,1201,22:31:43
23:32:05,8.931,-5.034,1.502,97927.844,286.755,1202,22:31:43
23:32:05,8.946,-5.054,1.479,97927.844,286.755,1203,22:31:43
23:32:05,8.953,-5.081,1.463,97927.844,286.755,1204,22:31:43
23:32:05,8.967,-5.116,1.453,97927.844,286.755,1205,22:31:43
23:32:05,8.981,-5.129,1.444,97927.844,286.755,1206,22:31:43
23:32:05,8.996,-5.128,1.429,97927.852,286.754,1207,22:31:43
23:32:05,9.016,-5.141,1.413,97927.852,286.754,1208,22:31:43
23:32:05,9.03,-5.162,1.404,97927.852,286.754,1209,22:31:43
23:32:05,9.038,-5.177,1.41,97927.852,286.754,1210,22:31:43
23:32:05,9.045,-5.171,1.424,97927.852,286.754,1211,22:31:43
23:32:05,9.046,-5.166,1.452,97927.852,286.754,1212,22:31:43
23:32:05,9.048,-5.149,1.503,97927.852,286.754,1213,22:31:43
23:32:05,9.049,-5.125,1.561,97927.852,286.754,1214,22:31:43
23:32:05,9.059,-5.078,1.677,97927.852,286.754,1215,22:31:43
23:32:05,9.067,-5.06,1.72,97927.852,286.754,1216,22:31:43
23:32:05,9.084,-5.057,1.762,97927.852,286.754,1217,22:31:43
23:32:05,9.092,-5.053,1.797,97927.852,286.754,1218,22:31:43
23:32:05,9.107,-5.056,1.832,97927.852,286.754,1219,22:31:43
23:32:05,9.123,-5.066,1.865,97927.852,286.754,1220,22:31:43
23:32:05,9.137,-5.061,1.893,97927.852,286.754,1221,22:31:43
23:32:05,9.16,-5.056,1.914,97927.852,286.754,1222,22:31:43
23:32:05,9.181,-5.058,1.927,97927.852,286.754,1223,22:31:43
23:32:05,9.21,-5.067,1.946,97927.852,286.754,1224,22:31:43
23:32:05,9.233,-5.09,1.965,97927.852,286.754,1225,22:31:43
23:32:05,9.255,-5.112,1.976,97927.852,286.754,1226,22:31:43
23:32:05,9.271,-5.147,1.973,97927.852,286.754,1227,22:31:43
23:32:05,9.285,-5.167,1.956,97927.852,286.754,1228,22:31:43
23:32:05,9.291,-5.173,1.935,97927.852,286.754,1229,22:31:43
23:32:05,9.289,-5.175,1.878,97927.852,286.754,1230,22:31:43
23:32:05,9.296,-5.195,1.862,97927.852,286.754,1231,22:31:43
23:32:05,9.311,-5.23,1.859,97927.852,286.754,1232,22:31:43
23:32:05,9.334,-5.252,1.863,97927.852,286.754,1233,22:31:43
23:32:05,9.342,-5.282,1.882,97927.852,286.754,1234,22:31:43
23:32:05,9.351,-5.299,1.922,97927.852,286.754,1235,22:31:43
23:32:05,9.354,-5.302,1.957,97927.852,286.754,1236,22:31:43
23:32:05,9.352,-5.289,1.972,97927.852,286.754,1237,22:31:43
23:32:05,9.352,-5.276,1.98,97927.852,286.754,1238,22:31:43
23:32:05,9.359,-5.268,1.974,97927.852,286.754,1239,22:31:43
23:32:05,9.358,-5.268,1.967,97927.852,286.754,1240,22:31:43
23:32:05,9.365,-5.26,1.953,97927.852,286.754,1241,22:31:43
23:32:05,9.371,-5.259,1.938,97927.852,286.754,1242,22:31:43
23:32:05,9.377,-5.258,1.924,97927.852,286.754,1243,22:31:43
23:32:05,9.377,-5.257,1.917,97927.852,286.754,1244,22:31:43
23:32:05,9.377,-5.264,1.917,97927.852,286.754,1245,22:31:43
23:32:05,9.373,-5.279,1.923,97927.852,286.754,1246,22:31:43
23:32:05,9.364,-5.273,1.938,97927.852,286.754,1247,22:31:43
23:32:05,9.337,-5.245,1.948,97927.852,286.754,1248,22:31:43
23:32:05,9.329,-5.244,1.942,97927.852,286.754,1249,22:31:43
23:32:05,9.33,-5.258,1.94,97927.852,286.754,1250,22:31:43
23:32:05,9.337,-5.286,1.931,97927.852,286.754,1251,22:31:43
23:32:05,9.337,-5.314,1.929,97927.852,286.754,1252,22:31:43
23:32:05,9.34,-5.336,1.941,97927.852,286.754,1253,22:31:43
23:32:05,9.341,-5.337,1.955,97927.852,286.754,1254,22:31:43
23:32:05,9.326,-5.317,1.978,97927.852,286.754,1255,22:31:43
23:32:05,9.318,-5.283,1.995,97927.852,286.754,1256,22:31:43
23:32:05,9.311,-5.242,2.006,97927.852,286.754,1257,22:31:43
23:32:05,9.304,-5.222,2.022,97927.852,286.754,1258,22:31:43
23:32:05,9.311,-5.209,2.037,97928.039,286.738,1259,22:31:43
23:32:05,9.318,-5.21,2.036,97928.039,286.738,1260,22:31:44
23:32:05,9.332,-5.217,2.035,97928.039,286.738,1261,22:31:44
23:32:05,9.346,-5.224,2.041,97928.039,286.738,1262,22:31:44
23:32:05,9.36,-5.212,2.055,97928.039,286.738,1263,22:31:44
23:32:05,9.384,-5.228,2.074,97928.039,286.738,1264,22:31:44
23:32:05,9.398,-5.236,2.087,97928.039,286.738,1265,22:31:44
23:32:05,9.412,-5.23,2.094,97928.039,286.738,1266,22:31:44
23:32:05,9.426,-5.237,2.093,97928.039,286.738,1267,22:31:44
23:32:06,9.455,-5.258,2.076,97928.039,286.738,1268,22:31:44
23:32:06,9.482,-5.277,2.045,97928.039,286.738,1269,22:31:44
23:32:06,9.516,-5.302,1.999,97928.039,286.738,1270,22:31:44
23:32:06,9.544,-5.326,1.947,97928.039,286.738,1271,22:31:44
23:32:06,9.577,-5.358,1.893,97928.039,286.738,1272,22:31:44
23:32:06,9.599,-5.39,1.847,97928.039,286.738,1273,22:31:44
23:32:06,9.619,-5.402,1.817,97928.039,286.738,1274,22:31:44
23:32:06,9.638,-5.414,1.787,97928.039,286.738,1275,22:31:44
23:32:06,9.651,-5.406,1.773,97928.039,286.738,1276,22:31:44
23:32:06,9.657,-5.39,1.753,97928.039,286.738,1277,22:31:44
23:32:06,9.67,-5.361,1.734,97928.039,286.738,1278,22:31:44
23:32:06,9.675,-5.338,1.714,97928.039,286.738,1279,22:31:44
23:32:06,9.689,-5.343,1.692,97928.039,286.738,1280,22:31:44
23:32:06,9.695,-5.349,1.677,97928.039,286.738,1281,22:31:44
23:32:06,9.701,-5.341,1.663,97928.039,286.738,1282,22:31:44
23:32:06,9.7,-5.326,1.65,97928.039,286.738,1283,22:31:44
23:32:06,9.7,-5.304,1.638,97928.039,286.738,1284,22:31:44
23:32:06,9.697,-5.246,1.615,97928.039,286.738,1285,22:31:44
23:32:06,9.701,-5.216,1.596,97928.039,286.738,1286,22:31:44
23:32:06,9.715,-5.209,1.589,97928.039,286.738,1287,22:31:44
23:32:06,9.73,-5.216,1.58,97928.039,286.738,1288,22:31:44
23:32:06,9.751,-5.229,1.571,97928.039,286.738,1289,22:31:44
23:32:06,9.765,-5.243,1.569,97928.039,286.738,1290,22:31:44
23:32:06,9.772,-5.244,1.576,97928.039,286.738,1291,22:31:44
23:32:06,9.765,-5.224,1.592,97928.039,286.738,1292,22:31:44
23:32:06,9.759,-5.192,1.623,97928.039,286.738,1293,22:31:44
23:32:06,9.743,-5.132,1.664,97928.039,286.738,1294,22:31:44
23:32:06,9.723,-5.072,1.712,97928.039,286.738,1295,22:31:44
23:32:06,9.71,-5.02,1.759,97928.039,286.738,1296,22:31:44
23:32:06,9.695,-4.973,1.799,97928.039,286.738,1297,22:31:44
23:32:06,9.688,-4.934,1.831,97928.039,286.738,1298,22:31:44
23:32:06,9.688,-4.894,1.855,97928.039,286.738,1299,22:31:44
23:32:06,9.687,-4.852,1.859,97928.039,286.738,1300,22:31:44
23:32:06,9.677,-4.809,1.855,97928.039,286.738,1301,22:31:44
23:32:06,9.675,-4.765,1.831,97928.039,286.738,1302,22:31:44
23:32:06,9.665,-4.72,1.8,97928.039,286.738,1303,22:31:44
23:32:06,9.663,-4.675,1.768,97928.039,286.738,1304,22:31:44
23:32:06,9.667,-4.608,1.717,97928.039,286.738,1305,22:31:44
23:32:06,9.686,-4.559,1.713,97928.039,286.738,1306,22:31:44
23:32:06,9.697,-4.49,1.725,97928.039,286.738,1307,22:31:44
23:32:06,9.711,-4.43,1.758,97928.039,286.738,1308,22:31:44
23:32:06,9.732,-4.385,1.803,97928.039,286.738,1309,22:31:44
23:32:06,9.755,-4.342,1.869,97928.039,286.738,1310,22:31:44
23:32:06,9.763,-4.305,1.928,97928.547,286.695,1311,22:31:44
23:32:06,9.771,-4.275,1.994,97928.547,286.695,1312,22:31:44
23:32:06,9.773,-4.262,2.086,97928.547,286.695,1313,22:31:44
23:32:06,9.768,-4.243,2.194,97928.547,286.695,1314,22:31:44
23:32:06,9.794,-4.266,2.304,97928.547,286.695,1315,22:31:44
23:32:06,9.847,-4.314,2.354,97928.547,286.695,1316,22:31:44
23:32:06,9.896,-4.346,2.385,97928.547,286.695,1317,22:31:44
23:32:06,9.934,-4.35,2.425,97928.547,286.695,1318,22:31:44
23:32:06,9.949,-4.355,2.481,97928.547,286.695,1319,22:31:44
23:32:06,9.95,-4.325,2.54,97928.547,286.695,1320,22:31:44
23:32:06,9.936,-4.28,2.593,97928.547,286.695,1321,22:31:44
23:32:06,9.929,-4.241,2.632,97928.547,286.695,1322,22:31:44
23:32:06,9.936,-4.215,2.655,97928.547,286.695,1323,22:31:44
23:32:06,9.956,-4.217,2.668,97928.547,286.695,1324,22:31:44
23:32:06,10.0,-4.272,2.641,97928.547,286.695,1325,22:31:44
23:32:06,10.008,-4.292,2.632,97928.547,286.695,1326,22:31:44
23:32:06,10.007,-4.29,2.611,97928.547,286.695,1327,22:31:44
23:32:06,10.007,-4.289,2.59,97928.547,286.695,1328,22:31:44
23:32:06,10.006,-4.294,2.568,97928.547,286.695,1329,22:31:44
23:32:06,10.006,-4.292,2.547,97928.547,286.695,1330,22:31:44
23:32:06,10.005,-4.297,2.519,97928.547,286.695,1331,22:31:44
23:32:06,10.011,-4.293,2.477,97928.547,286.695,1332,22:31:44
23:32:06,10.01,-4.295,2.42,97928.547,286.695,1333,22:31:44
23:32:06,10.022,-4.298,2.37,97928.547,286.695,1334,22:31:44
23:32:06,10.042,-4.329,2.318,97928.547,286.695,1335,22:31:44
23:32:06,10.079,-4.376,2.277,97928.547,286.695,1336,22:31:44
23:32:06,10.12,-4.423,2.243,97928.547,286.695,1337,22:31:44
23:32:06,10.207,-4.505,2.191,97928.547,286.695,1338,22:31:44
23:32:06,10.228,-4.519,2.189,97928.547,286.695,1339,22:31:44
23:32:06,10.249,-4.521,2.209,97928.547,286.695,1340,22:31:44
23:32:06,10.266,-4.511,2.252,97928.547,286.695,1341,22:31:44
23:32:06,10.28,-4.495,2.302,97928.547,286.695,1342,22:31:44
23:32:06,10.289,-4.487,2.366,97928.547,286.695,1343,22:31:44
23:32:06,10.304,-4.479,2.436,97928.547,286.695,1344,22:31:44
23:32:06,10.336,-4.494,2.511,97928.547,286.695,1345,22:31:44
23:32:06,10.374,-4.507,2.572,97928.547,286.695,1346,22:31:44
23:32:06,10.418,-4.539,2.603,97928.547,286.695,1347,22:31:44
23:32:06,10.47,-4.591,2.625,97928.547,286.695,1348,22:31:44
23:32:06,10.516,-4.651,2.646,97928.547,286.695,1349,22:31:44
23:32:06,10.552,-4.696,2.669,97928.547,286.695,1350,22:31:44
23:32:06,10.589,-4.712,2.687,97928.547,286.695,1351,22:31:44
23:32:06,10.617,-4.714,2.693,97928.547,286.695,1352,22:31:44
23:32:06,10.646,-4.7,2.693,97928.547,286.695,1353,22:31:44
23:32:06,10.674,-4.716,2.698,97928.547,286.695,1354,22:31:44
23:32:06,10.704,-4.725,2.717,97928.547,286.695,1355,22:31:45
23:32:06,10.776,-4.778,2.737,97928.547,286.695,1356,22:31:45
23:32:06,10.827,-4.801,2.74,97928.547,286.695,1357,22:31:45
23:32:06,10.878,-4.845,2.742,97928.547,286.695,1358,22:31:45
23:32:06,10.924,-4.916,2.74,97928.547,286.695,1359,22:31:45
23:32:06,10.953,-4.98,2.74,97928.547,286.695,1360,22:31:45
23:32:06,10.977,-5.023,2.743,97928.547,286.695,1361,22:31:45
23:32:06,10.984,-5.016,2.743,97928.547,286.695,1362,22:31:45
23:32:06,10.983,-4.989,2.752,97928.367,286.71,1363,22:31:45
23:32:07,10.982,-4.962,2.762,97928.367,286.71,1364,22:31:45
23:32:07,10.982,-4.949,2.777,97928.367,286.71,1365,22:31:45
23:32:07,10.983,-4.964,2.79,97928.367,286.71,1366,22:31:45
23:32:07,11.005,-5.001,2.807,97928.367,286.71,1367,22:31:45
23:32:07,11.043,-5.052,2.815,97928.367,286.71,1368,22:31:45
23:32:07,11.095,-5.116,2.807,97928.367,286.71,1369,22:31:45
23:32:07,11.162,-5.18,2.791,97928.367,286.71,1370,22:31:45
23:32:07,11.22,-5.228,2.763,97928.367,286.71,1371,22:31:45
23:32:07,11.284,-5.268,2.721,97928.367,286.71,1372,22:31:45
23:32:07,11.297,-5.274,2.699,97928.367,286.71,1373,22:31:45
23:32:07,11.303,-5.293,2.676,97928.367,286.71,1374,22:31:45
23:32:07,11.31,-5.312,2.652,97928.367,286.71,1375,22:31:45
23:32:07,11.323,-5.329,2.615,97928.367,286.71,1376,22:31:45
23:32:07,11.336,-5.347,2.577,97928.367,286.71,1377,22:31:45
23:32:07,11.359,-5.386,2.53,97928.367,286.71,1378,22:31:45
23:32:07,11.372,-5.443,2.468,97928.367,286.71,1379,22:31:45
23:32:07,11.388,-5.515,2.411,97928.367,286.71,1380,22:31:45
23:32:07,11.389,-5.594,2.354,97928.367,286.71,1381,22:31:45
23:32:07,11.375,-5.667,2.312,97928.367,286.71,1382,22:31:45
23:32:07,11.355,-5.725,2.265,97928.367,286.71,1383,22:31:45
23:32:07,11.328,-5.771,2.234,97928.367,286.71,1384,22:31:45
23:32:07,11.291,-5.792,2.163,97928.367,286.71,1385,22:31:45
23:32:07,11.281,-5.788,2.129,97928.367,286.71,1386,22:31:45
23:32:07,11.287,-5.792,2.093,97928.367,286.71,1387,22:31:45
23:32:07,11.293,-5.789,2.064,97928.367,286.71,1388,22:31:45
23:32:07,11.298,-5.786,2.036,97928.367,286.71,1389,22:31:45
23:32:07,11.304,-5.764,2.024,97928.367,286.71,1390,22:31:45
23:32:07,11.316,-5.735,2.005,97928.367,286.71,1391,22:31:45
23:32:07,11.335,-5.677,1.988,97928.367,286.71,1392,22:31:45
23:32:07,11.346,-5.606,1.973,97928.367,286.71,1393,22:31:45
23:32:07,11.362,-5.527,1.952,97928.367,286.71,1394,22:31:45
23:32:07,11.374,-5.469,1.935,97928.367,286.71,1395,22:31:45
23:32:07,11.413,-5.439,1.901,97928.367,286.71,1396,22:31:45
23:32:07,11.442,-5.444,1.878,97928.367,286.71,1397,22:31:45
23:32:07,11.475,-5.428,1.85,97928.367,286.71,1398,22:31:45
23:32:07,11.516,-5.411,1.814,97928.367,286.71,1399,22:31:45
23:32:07,11.555,-5.386,1.765,97928.367,286.71,1400,22:31:45
23:32:07,11.58,-5.362,1.724,97928.367,286.71,1401,22:31:45
23:32:07,11.592,-5.337,1.691,97928.367,286.71,1402,22:31:45
23:32:07,11.605,-5.32,1.657,97928.367,286.71,1403,22:31:45
23:32:07,11.617,-5.311,1.629,97928.367,286.71,1404,22:31:45
23:32:07,11.63,-5.314,1.592,97928.367,286.71,1405,22:31:45
23:32:07,11.658,-5.325,1.555,97928.367,286.71,1406,22:31:45
23:32:07,11.684,-5.335,1.51,97928.367,286.71,1407,22:31:45
23:32:07,11.725,-5.37,1.427,97928.367,286.71,1408,22:31:45
23:32:07,11.738,-5.395,1.396,97928.367,286.71,1409,22:31:45
23:32:07,11.744,-5.42,1.365,97928.367,286.71,1410,22:31:45
23:32:07,11.75,-5.437,1.32,97928.367,286.71,1411,22:31:45
23:32:07,11.756,-5.44,1.284,97928.367,286.71,1412,22:31:45
23:32:07,11.747,-5.437,1.25,97928.367,286.71,1413,22:31:45
23:32:07,11.746,-5.42,1.223,97928.367,286.71,1414,22:31:45
23:32:07,11.738,-5.416,1.189,97928.906,286.664,1415,22:31:45
23:32:07,11.737,-5.427,1.152,97928.906,286.664,1416,22:31:45
23:32:07,11.736,-5.444,1.115,97928.906,286.664,1417,22:31:45
23:32:07,11.742,-5.462,1.085,97928.906,286.664,1418,22:31:45
23:32:07,11.741,-5.459,1.057,97928.906,286.664,1419,22:31:45
23:32:07,11.739,-5.449,1.023,97928.906,286.664,1420,22:31:45
23:32:07,11.731,-5.445,0.988,97928.906,286.664,1421,22:31:45
23:32:07,11.716,-5.463,0.952,97928.906,286.664,1422,22:31:45
23:32:07,11.702,-5.47,0.952,97928.906,286.664,1423,22:31:45
23:32:07,11.696,-5.477,0.952,97928.906,286.664,1424,22:31:45
23:32:07,11.703,-5.484,0.951,97928.906,286.664,1425,22:31:45
23:32:07,11.716,-5.47,0.951,97928.906,286.664,1426,22:31:45
23:32:07,11.743,-5.449,0.952,97928.906,286.664,1427,22:31:45
23:32:07,11.764,-5.436,0.959,97928.906,286.664,1428,22:31:45
23:32:07,11.771,-5.423,0.967,97928.906,286.664,1429,22:31:45
23:32:07,11.778,-5.41,0.983,97928.906,286.664,1430,22:31:45
23:32:07,11.785,-5.398,1.005,97928.906,286.664,1431,22:31:45
23:32:07,11.793,-5.373,1.028,97928.906,286.664,1432,22:31:45
23:32:07,11.816,-5.354,1.043,97928.906,286.664,1433,22:31:45
23:32:07,11.849,-5.305,1.046,97928.906,286.664,1434,22:31:45
23:32:07,11.863,-5.285,1.055,97928.906,286.664,1435,22:31:45
23:32:07,11.869,-5.258,1.064,97928.906,286.664,1436,22:31:45
23:32:07,11.869,-5.237,1.06,97928.906,286.664,1437,22:31:45
23:32:07,11.882,-5.222,1.053,97928.906,286.664,1438,22:31:45
23:32:07,11.888,-5.213,1.033,97928.906,286.664,1439,22:31:45
23:32:07,11.895,-5.219,1.025,97928.906,286.664,1440,22:31:45
23:32:07,11.901,-5.217,1.004,97928.906,286.664,1441,22:31:45
23:32:07,11.907,-5.215,0.982,97928.906,286.664,1442,22:31:45
23:32:07,11.906,-5.206,0.962,97928.906,286.664,1443,22:31:45
23:32:07,11.898,-5.183,0.944,97928.906,286.664,1444,22:31:45
23:32:07,11.888,-5.166,0.917,97928.906,286.664,1445,22:31:45
23:32:07,11.88,-5.15,0.898,97928.906,286.664,1446,22:31:45
23:32:07,11.865,-5.127,0.88,97928.906,286.664,1447,22:31:45
23:32:07,11.835,-5.103,0.863,97928.906,286.664,1448,22:31:46
23:32:07,11.814,-5.082,0.859,97928.906,286.664,1449,22:31:46
23:32:07,11.791,-5.061,0.869,97928.906,286.664,1450,22:31:46
23:32:07,11.777,-5.033,0.872,97928.906,286.664,1451,22:31:46
23:32:07,11.764,-5.007,0.89,97928.906,286.664,1452,22:31:46
23:32:07,11.748,-4.974,0.915,97928.906,286.664,1453,22:31:46
23:32:07,11.742,-4.934,0.94,97928.906,286.664,1454,22:31:46
23:32:07,11.735,-4.909,0.964,97928.906,286.664,1455,22:31:46
23:32:08,11.726,-4.868,0.983,97928.906,286.664,1456,22:31:46
23:32:08,11.72,-4.835,1.007,97928.906,286.664,1457,22:31:46
23:32:08,11.713,-4.809,1.025,97928.906,286.664,1458,22:31:46
23:32:08,11.706,-4.789,1.041,97928.906,286.664,1459,22:31:46
23:32:08,11.697,-4.763,1.058,97928.906,286.664,1460,22:31:46
23:32:08,11.696,-4.685,1.059,97928.906,286.664,1461,22:31:46
23:32:08,11.709,-4.656,1.047,97928.906,286.664,1462,22:31:46
23:32:08,11.722,-4.641,1.034,97928.906,286.664,1463,22:31:46
